quarter,ticker,quarter_start_date,quarter_end_date,quarter_start_price,quarter_end_price,quarter_return,volume_avg,trading_value_avg,trading_days
2023Q1,ACB,2023-01-03,2023-03-31,11.47,12.63,10.1133391455972,3566417.1016949154,44409970.50474577,59
2023Q2,ACB,2023-04-03,2023-06-30,12.75,13.33,4.54901960784313,7009870.241935484,90218603.62016128,62
2023Q3,ACB,2023-07-03,2023-09-29,13.33,13.21,-0.900225056264059,8697272.26984127,118712542.1425397,63
2023Q4,ACB,2023-10-02,2023-12-29,13.24,14.45,9.138972809667667,5950153.215384616,81115121.14246154,65
2024Q1,ACB,2024-01-02,2024-03-29,14.78,17.23,16.57645466847091,11883630.101694915,192352778.84932205,59
2024Q2,ACB,2024-04-01,2024-06-28,17.2,17.13,-0.40697674418604946,9475289.967213115,162195127.77950817,61
2024Q3,ACB,2024-07-01,2024-09-30,17.13,18.54,8.231173380035028,7914142.875,140182166.93375,64
2024Q4,ACB,2024-10-01,2024-12-31,18.54,18.57,0.16181229773464256,6784716.651515151,123740968.745,66
2025Q1,ACB,2025-01-02,2025-03-31,18.43,18.72,1.5735214324470892,6708082.793103448,124510905.45,58
2025Q2,ACB,2025-04-01,2025-06-30,18.75,18.35,-2.1333333333333204,11983067.639344262,211550592.11114755,61
2025Q3,ACB,2025-07-01,2025-09-30,18.35,21.97,19.727520435967282,19059346.078125,415312416.325,64
2025Q4,ACB,2025-10-01,2025-12-31,22.23,20.68,-6.972559604138551,10500860.621212121,227531740.50863636,66
2026Q1,ACB,2026-01-05,2026-03-31,20.68,20.29,-1.8858800773694395,15506947.210526315,318960209.16017544,57
2026Q2,ACB,2026-04-01,2026-06-30,20.51,22.65,10.433934666016565,18663499.870967742,397948981.6601613,62
2026Q3,ACB,2026-07-01,2026-07-08,22.65,22.7,0.22075055187638082,10788850.0,243393123.33333334,6
2023Q1,BCM,2023-01-03,2023-03-31,80.24,79.18,-1.3210368893319946,94161.03389830509,7504746.158135593,59
2023Q2,BCM,2023-04-03,2023-06-30,79.76,75.65,-5.152958876629887,142707.56451612903,10934726.290806452,62
2023Q3,BCM,2023-07-03,2023-09-29,77.27,66.39,-14.080496958716182,276360.9365079365,19560353.62111111,63
2023Q4,BCM,2023-10-02,2023-12-29,66.29,60.9,-8.130939809926097,327257.90769230766,19604848.692307692,65
2024Q1,BCM,2024-01-02,2024-03-29,59.93,62.84,4.855664942432836,887416.3220338983,55664665.356271185,59
2024Q2,BCM,2024-04-01,2024-06-28,62.26,61.77,-0.7870221651140263,842536.0655737704,49934034.27295082,61
2024Q3,BCM,2024-07-01,2024-09-30,61.1,67.97,11.243862520458258,794160.25,53427161.39640625,64
2024Q4,BCM,2024-10-01,2024-12-31,68.07,69.69,2.37990304098723,246349.18181818182,16286832.436060606,66
2025Q1,BCM,2025-01-02,2025-03-31,69.6,73.53,5.646551724137949,462326.4137931034,34357132.6712069,58
2025Q2,BCM,2025-04-01,2025-06-30,74.61,63.11,-15.413483447259079,589575.2950819673,34587394.4147541,61
2025Q3,BCM,2025-07-01,2025-09-30,63.4,65.76,3.722397476340711,584386.71875,39481045.11875,64
2025Q4,BCM,2025-10-01,2025-12-31,65.76,60.75,-7.618613138686136,225658.81818181818,14545466.20439394,66
2026Q1,BCM,2026-01-05,2026-03-31,60.06,53.1,-11.588411588411585,1353101.245614035,89537171.68947369,57
2026Q2,BCM,2026-04-01,2026-06-30,54.1,52.4,-3.1423290203327237,426435.48387096776,23186684.677419353,62
2026Q3,BCM,2026-07-01,2026-07-08,52.8,50.7,-3.977272727272718,393200.0,20163110.0,6
2023Q1,BID,2023-01-03,2023-03-31,29.88,33.51,12.148594377510037,1250625.3050847459,40208933.67508475,59
2023Q2,BID,2023-04-03,2023-06-30,33.29,31.44,-5.557224391709214,870076.6129032258,28024790.298387095,62
2023Q3,BID,2023-07-03,2023-09-29,32.27,32.17,-0.30988534242331056,1650213.746031746,55803193.700793654,63
2023Q4,BID,2023-10-02,2023-12-29,31.88,35.47,11.260978670012545,937211.5076923077,29844194.430307694,65
2024Q1,BID,2024-01-02,2024-03-29,35.14,42.58,21.172453044963003,1912224.7288135593,78082004.80322035,59
2024Q2,BID,2024-04-01,2024-06-28,42.58,35.35,-16.9798027242837,1747020.5573770492,69333274.52065574,61
2024Q3,BID,2024-07-01,2024-09-30,35.88,40.62,13.210702341137104,2418070.234375,95038788.2959375,64
2024Q4,BID,2024-10-01,2024-12-31,40.62,37.14,-8.567208271787285,2212945.4393939395,85737016.25999999,66
2025Q1,BID,2025-01-02,2025-03-31,37.78,38.32,1.4293276866066629,3308420.379310345,131388683.8362069,58
2025Q2,BID,2025-04-01,2025-06-30,38.57,35.9,-6.922478610318905,3664391.9672131147,130013726.00803278,61
2025Q3,BID,2025-07-01,2025-09-30,36.2,39.56,9.281767955801111,8938964.859375,354923829.0420312,64
2025Q4,BID,2025-10-01,2025-12-31,39.61,38.9,-1.7924766473112919,2730152.984848485,104823624.9409091,66
2026Q1,BID,2026-01-05,2026-03-31,38.45,39.4,2.4707412223667014,10671277.192982456,504212057.8947368,57
2026Q2,BID,2026-04-01,2026-06-30,40.25,42.4,5.341614906832293,6744135.483870967,282540926.12903225,62
2026Q3,BID,2026-07-01,2026-07-08,43.05,41.8,-2.9036004645760727,3846233.3333333335,162146440.8333333,6
2023Q1,CTG,2023-01-03,2023-03-31,17.19,17.92,4.24665503199535,2788849.7118644067,49995911.65305085,59
2023Q2,CTG,2023-04-03,2023-06-30,18.38,18.11,-1.4689880304678993,3743807.564516129,65936479.883064516,62
2023Q3,CTG,2023-07-03,2023-09-29,17.95,18.44,2.7298050139275887,6939728.777777778,132860120.0788889,63
2023Q4,CTG,2023-10-02,2023-12-29,18.38,18.59,1.1425462459194735,3089692.2,55673690.814615384,65
2024Q1,CTG,2024-01-02,2024-03-29,18.66,24.38,30.65380493033225,9476550.677966101,218471092.66847458,59
2024Q2,CTG,2024-04-01,2024-06-28,24.01,21.26,-11.45356101624323,9301482.360655738,210210597.48098361,61
2024Q3,CTG,2024-07-01,2024-09-30,21.95,25.34,15.444191343963553,7891074.859375,183308372.50734374,64
2024Q4,CTG,2024-10-01,2024-12-31,25.03,25.93,3.595685177786656,6041751.166666667,148782979.11742425,66
2025Q1,CTG,2025-01-02,2025-03-31,26.13,28.43,8.802143130501339,6792991.448275862,187523606.6210345,58
2025Q2,CTG,2025-04-01,2025-06-30,28.7,28.74,0.13937282229965486,8311477.377049181,220560252.39393443,61
2025Q3,CTG,2025-07-01,2025-09-30,28.74,34.84,21.224773834377196,10630790.734375,352182583.42609376,64
2025Q4,CTG,2025-10-01,2025-12-31,35.32,35.75,1.2174405436013558,8910909.257575758,312962915.7733334,66
2026Q1,CTG,2026-01-05,2026-03-31,35.5,34.6,-2.5352112676056304,16077357.894736841,610449836.4912281,57
2026Q2,CTG,2026-04-01,2026-06-30,34.75,33.95,-2.302158273381283,7798853.225806451,271611718.3064516,62
2026Q3,CTG,2026-07-01,2026-07-08,34.4,34.5,0.29069767441860517,7241533.333333333,248266190.0,6
2023Q1,FPT,2023-01-03,2023-03-31,49.07,48.52,-1.1208477684939822,796975.4915254237,39463740.1720339,59
2023Q2,FPT,2023-04-03,2023-06-30,49.62,52.75,6.307940346634422,759244.0322580645,38504491.26032258,62
2023Q3,FPT,2023-07-03,2023-09-29,52.99,66.99,26.42007926023777,2030786.7777777778,130787361.34015873,63
2023Q4,FPT,2023-10-02,2023-12-29,67.28,69.37,3.1064209274673127,2298131.230769231,153643900.82169232,65
2024Q1,FPT,2024-01-02,2024-03-29,69.23,84.1,21.47912754586161,2543445.1694915253,195957846.0381356,59
2024Q2,FPT,2024-04-01,2024-06-28,84.32,109.09,29.376185958254286,4927490.065573771,490096289.2857377,61
2024Q3,FPT,2024-07-01,2024-09-30,107.5,112.43,4.586046511627906,4705846.671875,512946429.33421874,64
2024Q4,FPT,2024-10-01,2024-12-31,113.6,128.36,12.992957746478883,3801715.3636363638,447185575.08681816,66
2025Q1,FPT,2025-01-02,2025-03-31,127.94,101.85,-20.39237142410505,4948360.862068965,576441806.5077586,58
2025Q2,FPT,2025-04-01,2025-06-30,101.43,100.34,-1.0746327516513832,7002747.262295082,679106610.1608196,61
2025Q3,FPT,2025-07-01,2025-09-30,100.85,90.79,-9.975210708973714,10201849.796875,1033697262.2426562,64
2025Q4,FPT,2025-10-01,2025-12-31,91.18,94.5,3.6411493748629065,7920095.696969697,749875153.390303,66
2026Q1,FPT,2026-01-05,2026-03-31,93.71,73.68,-21.37445309998932,12938981.50877193,1161744271.5933332,57
2026Q2,FPT,2026-04-01,2026-06-30,74.28,70.2,-5.49273021001615,9647093.741935484,708058382.9706452,62
2026Q3,FPT,2026-07-01,2026-07-08,72.9,72.1,-1.0973936899863035,7885083.333333333,573209808.3333334,6
2023Q1,GAS,2023-01-03,2023-03-31,72.33,70.27,-2.848057514171165,218982.16949152542,15932474.835254237,59
2023Q2,GAS,2023-04-03,2023-06-30,70.61,64.07,-9.26214417221357,459691.67741935485,30077620.61983871,62
2023Q3,GAS,2023-07-03,2023-09-29,64.75,77.69,19.984555984555975,605505.0476190476,42837320.55777778,63
2023Q4,GAS,2023-10-02,2023-12-29,76.49,64.67,-15.453000392208127,601333.5538461539,40876339.238615386,65
2024Q1,GAS,2024-01-02,2024-03-29,64.76,68.7,6.084002470660899,1091709.2711864407,73171880.17271188,59
2024Q2,GAS,2024-04-01,2024-06-28,69.04,65.61,-4.968134414831993,1242173.3442622952,83702413.54016393,61
2024Q3,GAS,2024-07-01,2024-09-30,66.56,68.9,3.515625,1307501.0625,90809437.4340625,64
2024Q4,GAS,2024-10-01,2024-12-31,68.71,64.1,-6.709358172027358,579953.9393939395,38276700.85439394,66
2025Q1,GAS,2025-01-02,2025-03-31,64.1,62.88,-1.9032761310452284,744904.9137931034,47580914.32637931,58
2025Q2,GAS,2025-04-01,2025-06-30,63.54,63.82,0.4406672961913882,1123653.0655737706,67252937.01344262,61
2025Q3,GAS,2025-07-01,2025-09-30,62.5,60.4,-3.3600000000000074,1041458.296875,66780535.88015625,64
2025Q4,GAS,2025-10-01,2025-12-31,60.6,72.4,19.471947194719476,967892.4242424242,62806679.09090909,66
2026Q1,GAS,2026-01-05,2026-03-31,77.4,78.3,1.1627906976743985,3838408.7719298247,396897210.877193,57
2026Q2,GAS,2026-04-01,2026-06-30,80.0,77.4,-3.2499999999999973,1751404.8387096773,143797562.7419355,62
2026Q3,GAS,2026-07-01,2026-07-08,78.0,74.8,-4.10256410256411,959466.6666666666,72166515.0,6
2023Q1,GVR,2023-01-03,2023-03-31,14.01,14.87,6.138472519628824,2006907.5254237289,28978788.310508475,59
2023Q2,GVR,2023-04-03,2023-06-30,15.31,18.62,21.619856303069884,3297345.6612903224,54695469.42967742,62
2023Q3,GVR,2023-07-03,2023-09-29,19.34,18.71,-3.2574974146845848,3288045.9682539683,67455142.05,63
2023Q4,GVR,2023-10-02,2023-12-29,19.58,20.71,5.771195097037807,2302779.4307692307,44416626.62569231,65
2024Q1,GVR,2024-01-02,2024-03-29,20.46,32.38,58.26001955034214,4111334.0508474577,111784292.93627118,59
2024Q2,GVR,2024-04-01,2024-06-28,32.19,33.41,3.789996893445169,4797382.737704918,154941242.36606556,61
2024Q3,GVR,2024-07-01,2024-09-30,33.51,34.92,4.207699194270376,3252840.84375,110524884.88671875,64
2024Q4,GVR,2024-10-01,2024-12-31,35.17,29.92,-14.927495024168325,2445127.893939394,78803131.17045455,66
2025Q1,GVR,2025-01-02,2025-03-31,30.07,31.94,6.218822746923847,3033592.3620689656,96118879.27448276,58
2025Q2,GVR,2025-04-01,2025-06-30,31.4,29.87,-4.872611464968147,4116075.0327868853,110370096.64688525,61
2025Q3,GVR,2025-07-01,2025-09-30,30.71,27.31,-11.071312276131561,4863377.53125,146073964.62921876,64
2025Q4,GVR,2025-10-01,2025-12-31,27.46,26.2,-4.588492352512752,2393523.5,65448601.61560606,66
2026Q1,GVR,2026-01-05,2026-03-31,25.75,31.7,23.106796116504857,7321850.8771929825,270352752.3684211,57
2026Q2,GVR,2026-04-01,2026-06-30,32.5,32.8,0.9230769230769154,3268300.0,113679079.27419356,62
2026Q3,GVR,2026-07-01,2026-07-08,33.15,31.5,-4.977375565610853,1673016.6666666667,53486443.333333336,6
2023Q1,HCM,2023-01-03,2023-03-31,10.39,12.65,21.751684311838293,5111011.915254237,60652046.363389835,59
2023Q2,HCM,2023-04-03,2023-06-30,12.95,14.22,9.806949806949827,6019004.483870967,79669039.8233871,62
2023Q3,HCM,2023-07-03,2023-09-29,14.25,15.44,8.350877192982441,6633008.571428572,105345193.13111112,63
2023Q4,HCM,2023-10-02,2023-12-29,15.71,17.28,9.993634627625724,6133700.969230769,93514555.03769231,65
2024Q1,HCM,2024-01-02,2024-03-29,17.97,21.46,19.421257651641643,8725988.661016949,172550828.08711863,59
2024Q2,HCM,2024-04-01,2024-06-28,21.64,19.06,-11.922365988909434,7832688.327868853,161962922.95901638,61
2024Q3,HCM,2024-07-01,2024-09-30,19.35,23.51,21.49870801033591,8414807.46875,179467699.156875,64
2024Q4,HCM,2024-10-01,2024-12-31,23.55,22.33,-5.180467091295126,7850788.454545454,174101672.58151513,66
2025Q1,HCM,2025-01-02,2025-03-31,22.26,23.65,6.24438454627132,8855393.637931034,207232273.32051724,58
2025Q2,HCM,2025-04-01,2025-06-30,23.88,21.04,-11.892797319933003,11736964.31147541,237421463.89000002,61
2025Q3,HCM,2025-07-01,2025-09-30,20.9,26.26,25.64593301435407,17322238.015625,452563152.1821875,64
2025Q4,HCM,2025-10-01,2025-12-31,26.26,22.03,-16.10814927646611,9139630.93939394,215396502.1757576,66
2026Q1,HCM,2026-01-05,2026-03-31,21.39,22.7,6.124357176250572,15002774.45614035,352136771.39701754,57
2026Q2,HCM,2026-04-01,2026-06-30,23.5,27.2,15.74468085106382,9661203.225806452,259733089.91935483,62
2026Q3,HCM,2026-07-01,2026-07-08,28.1,28.2,0.3558718861209842,5814650.0,165553982.5,6
2023Q1,HDB,2023-01-03,2023-03-31,8.4,9.8,16.666666666666675,2280390.2372881356,20926505.184576273,59
2023Q2,HDB,2023-04-03,2023-06-30,9.85,9.98,1.3197969543147225,2148538.9516129033,21370440.991451614,62
2023Q3,HDB,2023-07-03,2023-09-29,9.9,10.71,8.18181818181818,4485808.619047619,47455572.54222222,63
2023Q4,HDB,2023-10-02,2023-12-29,10.55,12.53,18.767772511848335,8010875.969230769,89996350.66830769,65
2024Q1,HDB,2024-01-02,2024-03-29,12.28,14.87,21.091205211726383,6646183.915254237,91511546.91898306,59
2024Q2,HDB,2024-04-01,2024-06-28,14.81,14.2,-4.118838622552334,7347335.950819672,106953487.52967213,61
2024Q3,HDB,2024-07-01,2024-09-30,14.26,18.12,27.068723702664798,7540571.46875,124557659.11546876,64
2024Q4,HDB,2024-10-01,2024-12-31,17.99,19.66,9.282934963868827,8463491.227272727,147134090.27606058,66
2025Q1,HDB,2025-01-02,2025-03-31,19.35,17.04,-11.937984496124043,10703614.793103449,188586417.2101724,58
2025Q2,HDB,2025-04-01,2025-06-30,17.31,16.81,-2.888503755054883,10590926.819672132,174965222.4777049,61
2025Q3,HDB,2025-07-01,2025-09-30,17.04,23.9,40.25821596244133,20982235.421875,461766838.47609377,64
2025Q4,HDB,2025-10-01,2025-12-31,23.83,29.7,24.63281577843055,18732225.742424242,470593987.5568182,66
2026Q1,HDB,2026-01-05,2026-03-31,28.95,25.45,-12.089810017271152,17295129.824561402,472551465.1754386,57
2026Q2,HDB,2026-04-01,2026-06-30,25.6,25.85,0.9765625,11283308.064516129,295454080.8064516,62
2026Q3,HDB,2026-07-01,2026-07-08,26.6,27.55,3.5714285714285587,14727366.666666666,399086947.5,6
2023Q1,HPG,2023-01-03,2023-03-31,13.02,14.07,8.064516129032274,23469035.305084746,329632879.84525424,59
2023Q2,HPG,2023-04-03,2023-06-30,14.2,17.69,24.577464788732417,19825511.887096774,302265049.6541936,62
2023Q3,HPG,2023-07-03,2023-09-29,17.72,17.79,0.3950338600451575,27213226.65079365,506434200.8250794,63
2023Q4,HPG,2023-10-02,2023-12-29,17.72,18.9,6.659142212189617,23221083.90769231,413281771.4781538,65
2024Q1,HPG,2024-01-02,2024-03-29,18.56,20.46,10.23706896551726,26197386.0,517741456.6738983,59
2024Q2,HPG,2024-04-01,2024-06-28,20.36,21.05,3.3889980353634552,22861718.93442623,477173252.2583607,61
2024Q3,HPG,2024-07-01,2024-09-30,21.09,19.6,-7.064959696538642,19858085.75,392366668.4209375,64
2024Q4,HPG,2024-10-01,2024-12-31,19.9,19.83,-0.35175879396984744,18647764.78787879,372966083.0493939,66
2025Q1,HPG,2025-01-02,2025-03-31,20.09,19.9,-0.9457441513190723,21081647.603448275,424873324.82551724,58
2025Q2,HPG,2025-04-01,2025-06-30,20.09,20.27,0.8959681433549083,29142559.770491805,555355849.8204918,61
2025Q3,HPG,2025-07-01,2025-09-30,20.22,25.13,24.282888229475773,71125834.765625,1739909173.2173438,64
2025Q4,HPG,2025-10-01,2025-12-31,25.26,23.57,-6.690419635787814,35433942.81818182,862538458.6745455,66
2026Q1,HPG,2026-01-05,2026-03-31,23.17,24.01,3.6253776435045237,46915132.89473684,1140123923.4791229,57
2026Q2,HPG,2026-04-01,2026-06-30,24.24,23.3,-3.8778877887788665,26182489.322580647,639611394.7238709,62
2026Q3,HPG,2026-07-01,2026-07-08,23.45,23.2,-1.0660980810234588,15313066.666666666,355878265.8333333,6
2023Q1,KDH,2023-01-03,2023-03-31,21.04,20.74,-1.425855513307983,1438092.2711864407,29064137.291525424,59
2023Q2,KDH,2023-04-03,2023-06-30,22.01,23.14,5.134029986369826,1999883.935483871,44945321.60935484,62
2023Q3,KDH,2023-07-03,2023-09-29,22.84,24.53,7.399299474605958,1912901.603174603,49205918.43666667,63
2023Q4,KDH,2023-10-02,2023-12-29,24.42,25.95,6.265356265356248,1472941.6923076923,37506184.45723077,65
2024Q1,KDH,2024-01-02,2024-03-29,25.5,31.24,22.509803921568626,3093197.372881356,88206688.49355932,59
2024Q2,KDH,2024-04-01,2024-06-28,31.41,30.5,-2.8971665074816966,3313052.393442623,99804358.17704919,61
2024Q3,KDH,2024-07-01,2024-09-30,30.58,32.15,5.1340745585349845,2789839.84375,86505748.04640625,64
2024Q4,KDH,2024-10-01,2024-12-31,32.48,32.82,1.0467980295566504,2475953.303030303,76516652.67393939,66
2025Q1,KDH,2025-01-02,2025-03-31,31.95,29.64,-7.230046948356805,2135685.2413793104,64972089.41689655,58
2025Q2,KDH,2025-04-01,2025-06-30,29.64,26.73,-9.817813765182182,3048858.2131147543,79608595.71688524,61
2025Q3,KDH,2025-07-01,2025-09-30,26.77,33.8,26.26073963391855,6255775.640625,203617028.2965625,64
2025Q4,KDH,2025-10-01,2025-12-31,33.7,31.5,-6.528189910979232,6219330.303030303,208488613.33333334,66
2026Q1,KDH,2026-01-05,2026-03-31,31.9,26.0,-18.49529780564263,5727831.578947368,158283966.40350878,57
2026Q2,KDH,2026-04-01,2026-06-30,26.5,21.6,-18.490566037735846,4264703.225806451,102484048.38709678,62
2026Q3,KDH,2026-07-01,2026-07-08,21.85,21.0,-3.8901601830663712,3411183.3333333335,72041568.33333333,6
2023Q1,MBB,2023-01-03,2023-03-31,9.75,9.89,1.4358974358974486,8336053.322033898,82451232.00389831,59
2023Q2,MBB,2023-04-03,2023-06-30,10.13,11.22,10.76011846001974,9140387.35483871,96164219.26,62
2023Q3,MBB,2023-07-03,2023-09-29,11.22,11.81,5.258467023172897,11297142.126984127,134658010.01920635,63
2023Q4,MBB,2023-10-02,2023-12-29,11.88,11.91,0.2525252525252375,7440236.523076923,85816822.46292308,65
2024Q1,MBB,2024-01-02,2024-03-29,12.04,16.22,34.717607973421934,22918061.322033897,336288827.010678,59
2024Q2,MBB,2024-04-01,2024-06-28,15.9,14.49,-8.867924528301884,18504247.721311476,274902830.5377049,61
2024Q3,MBB,2024-07-01,2024-09-30,14.65,16.77,14.470989761092135,16423979.828125,260061067.794375,64
2024Q4,MBB,2024-10-01,2024-12-31,16.74,16.38,-2.1505376344086002,9573401.257575758,154814213.21242425,66
2025Q1,MBB,2025-01-02,2025-03-31,16.45,18.09,9.969604863221893,14549276.655172413,255190979.75448278,58
2025Q2,MBB,2025-04-01,2025-06-30,18.46,19.37,4.929577464788726,27458379.360655736,491812248.23688525,61
2025Q3,MBB,2025-07-01,2025-09-30,19.52,26.2,34.221311475409834,33617831.796875,839995164.7303125,64
2025Q4,MBB,2025-10-01,2025-12-31,26.4,25.3,-4.1666666666666625,26863984.848484848,674135135.9090909,66
2026Q1,MBB,2026-01-05,2026-03-31,25.35,26.45,4.339250493096647,30417514.03508772,824872412.8070176,57
2026Q2,MBB,2026-04-01,2026-06-30,26.5,25.2,-4.9056603773584895,14263500.0,365364099.3548387,62
2026Q3,MBB,2026-07-01,2026-07-08,25.75,26.0,0.9708737864077666,15055316.666666666,387044712.5,6
2023Q1,MSN,2023-01-03,2023-03-31,96.0,77.8,-18.958333333333332,857241.220338983,73838462.51694915,59
2023Q2,MSN,2023-04-03,2023-06-30,76.8,75.2,-2.083333333333326,1083445.3387096773,81740416.73709677,62
2023Q3,MSN,2023-07-03,2023-09-29,75.4,76.3,1.1936339522546247,2000097.603174603,161922416.25555557,63
2023Q4,MSN,2023-10-02,2023-12-29,77.4,67.0,-13.436692506459957,2005448.6307692307,130455453.75692308,65
2024Q1,MSN,2024-01-02,2024-03-29,68.4,74.2,8.479532163742686,4091492.86440678,298125007.6915254,59
2024Q2,MSN,2024-04-01,2024-06-28,73.4,74.7,1.7711171662125214,5607343.557377049,411949129.28524595,61
2024Q3,MSN,2024-07-01,2024-09-30,76.0,75.7,-0.39473684210525883,4578787.109375,343024059.553125,64
2024Q4,MSN,2024-10-01,2024-12-31,76.6,70.0,-8.616187989556135,4946427.2727272725,371531517.8787879,66
2025Q1,MSN,2025-01-02,2025-03-31,70.8,66.8,-5.649717514124298,4049232.7586206896,275866051.8965517,58
2025Q2,MSN,2025-04-01,2025-06-30,66.2,76.8,16.012084592145005,6133463.934426229,388498670.9836066,61
2025Q3,MSN,2025-07-01,2025-09-30,75.2,81.0,7.71276595744681,10303853.125,827680693.4375,64
2025Q4,MSN,2025-10-01,2025-12-31,81.3,77.0,-5.2890528905289,7540890.909090909,604298942.1212121,66
2026Q1,MSN,2026-01-05,2026-03-31,76.8,75.5,-1.692708333333326,7542285.96491228,587072166.8421053,57
2026Q2,MSN,2026-04-01,2026-06-30,76.9,72.1,-6.241872561768547,4646687.096774193,356313445.0,62
2026Q3,MSN,2026-07-01,2026-07-08,72.5,69.0,-4.82758620689655,5561616.666666667,388603001.6666667,6
2023Q1,MWG,2023-01-03,2023-03-31,42.58,37.34,-12.306247064349451,2055501.5423728814,85299898.99542372,59
2023Q2,MWG,2023-04-03,2023-06-30,37.78,41.95,11.03758602435152,2841946.806451613,112097459.65,62
2023Q3,MWG,2023-07-03,2023-09-29,41.66,51.44,23.475756120979362,6986007.571428572,356169722.7868254,63
2023Q4,MWG,2023-10-02,2023-12-29,50.76,41.86,-17.533490937746254,9002969.953846155,366511234.44292307,65
2024Q1,MWG,2024-01-02,2024-03-29,41.52,49.98,20.37572254335258,10389522.288135594,471681507.1301695,59
2024Q2,MWG,2024-04-01,2024-06-28,50.27,61.51,22.359259996021464,10349780.032786885,579386500.0314754,61
2024Q3,MWG,2024-07-01,2024-09-30,64.87,67.13,3.483890858640337,8153895.5,531285635.41125,64
2024Q4,MWG,2024-10-01,2024-12-31,66.84,60.13,-10.038898862956314,7083881.984848484,440686324.5748485,66
2025Q1,MWG,2025-01-02,2025-03-31,59.74,58.16,-2.6447941078004744,5687796.155172414,330363343.8686207,58
2025Q2,MWG,2025-04-01,2025-06-30,57.77,64.57,11.770815302059878,8795713.360655738,520412427.6293442,61
2025Q3,MWG,2025-07-01,2025-09-30,63.58,77.7,22.20824158540422,9294428.640625,666546168.11,64
2025Q4,MWG,2025-10-01,2025-12-31,77.7,88.4,13.770913770913772,7064686.363636363,582175977.4242424,66
2026Q1,MWG,2026-01-05,2026-03-31,87.4,81.8,-6.407322654462256,8389935.087719299,724551882.8070176,57
2026Q2,MWG,2026-04-01,2026-06-30,82.4,78.1,-5.218446601941762,5344193.548387097,433626085.16129035,62
2026Q3,MWG,2026-07-01,2026-07-08,80.0,78.8,-1.5000000000000013,4030400.0,318427116.6666667,6
2023Q1,PLX,2023-01-03,2023-03-31,30.15,34.27,13.665008291873981,943093.7966101695,31919154.85559322,59
2023Q2,PLX,2023-04-03,2023-06-30,34.32,34.18,-0.40792540792541354,712024.1451612903,24545412.169354837,62
2023Q3,PLX,2023-07-03,2023-09-29,34.45,34.92,1.3642960812772165,1484134.0158730159,54254515.488571435,63
2023Q4,PLX,2023-10-02,2023-12-29,34.92,32.13,-7.989690721649478,838359.1076923077,27130135.980153847,65
2024Q1,PLX,2024-01-02,2024-03-29,32.17,34.73,7.957724588125559,1037651.8983050848,35085957.9981356,59
2024Q2,PLX,2024-04-01,2024-06-28,34.87,39.57,13.47863492973904,1749327.6229508198,67217997.05081967,61
2024Q3,PLX,2024-07-01,2024-09-30,39.48,43.06,9.06788247213781,1989541.390625,90096873.92703125,64
2024Q4,PLX,2024-10-01,2024-12-31,43.06,36.28,-15.745471435206692,869502.0909090909,34664653.47984849,66
2025Q1,PLX,2025-01-02,2025-03-31,36.91,38.27,3.684638309401267,1338003.5862068965,53879438.37275862,58
2025Q2,PLX,2025-04-01,2025-06-30,38.99,37.25,-4.462682739163892,1684643.1639344261,59766073.37508197,61
2025Q3,PLX,2025-07-01,2025-09-30,36.9,34.2,-7.317073170731692,2329556.25,86067712.578125,64
2025Q4,PLX,2025-10-01,2025-12-31,34.15,35.3,3.367496339677878,1656893.9393939395,57255365.60606061,66
2026Q1,PLX,2026-01-05,2026-03-31,36.3,40.4,11.2947658402204,9177864.912280701,487350500.1754386,57
2026Q2,PLX,2026-04-01,2026-06-30,40.7,36.95,-9.213759213759209,3794743.5483870967,152805553.5483871,62
2026Q3,PLX,2026-07-01,2026-07-08,37.45,35.25,-5.8744993324432615,2084916.6666666667,74540899.16666667,6
2023Q1,PNJ,2023-01-03,2023-03-31,55.2,48.24,-12.608695652173918,354505.0677966102,18394608.874915253,59
2023Q2,PNJ,2023-04-03,2023-06-30,47.68,46.96,-1.5100671140939603,588694.6612903225,27409517.203225806,62
2023Q3,PNJ,2023-07-03,2023-09-29,46.33,49.33,6.475285991797963,917080.9841269841,45579896.02936508,63
2023Q4,PNJ,2023-10-02,2023-12-29,49.4,54.41,10.14170040485829,659294.7846153846,33371711.38523077,65
2024Q1,PNJ,2024-01-02,2024-03-29,54.41,62.95,15.695644183054602,1436436.7288135593,84886850.41169491,59
2024Q2,PNJ,2024-04-01,2024-06-28,62.95,60.78,-3.4471803018268465,1387015.4426229508,85042891.89016394,61
2024Q3,PNJ,2024-07-01,2024-09-30,59.83,62.88,5.097777034932305,1257037.359375,79850059.33546875,64
2024Q4,PNJ,2024-10-01,2024-12-31,62.63,63.21,0.9260737665655494,743998.3939393939,45579955.55727273,66
2025Q1,PNJ,2025-01-02,2025-03-31,63.21,54.11,-14.396456256921375,549638.8620689656,32638073.97051724,58
2025Q2,PNJ,2025-04-01,2025-06-30,54.18,53.98,-0.36913990402362984,1350194.475409836,66520168.03327869,61
2025Q3,PNJ,2025-07-01,2025-09-30,54.18,54.87,1.2735326688815052,689330.859375,38490527.01,64
2025Q4,PNJ,2025-10-01,2025-12-31,55.07,64.05,16.306518975848917,633438.0303030303,37900561.801515155,66
2026Q1,PNJ,2026-01-05,2026-03-31,65.04,72.0,10.7011070110701,2090044.9298245613,160887559.32333335,57
2026Q2,PNJ,2026-04-01,2026-06-30,72.87,63.0,-13.544668587896258,1019488.5806451613,69506953.55274193,62
2026Q3,PNJ,2026-07-01,2026-07-08,62.7,52.0,-17.065390749601285,5185333.333333333,276077180.0,6
2023Q1,POW,2023-01-03,2023-03-31,9.13,10.91,19.496166484118294,8485244.13559322,87119851.85949153,59
2023Q2,POW,2023-04-03,2023-06-30,10.91,11.08,1.5582034830430747,7194423.5,80152770.11887096,62
2023Q3,POW,2023-07-03,2023-09-29,10.99,9.59,-12.738853503184721,9363660.555555556,102175147.95190476,63
2023Q4,POW,2023-10-02,2023-12-29,9.71,9.3,-4.222451081359424,4884094.246153846,45851848.249076925,65
2024Q1,POW,2024-01-02,2024-03-29,9.3,9.42,1.2903225806451424,5959700.491525424,56953244.75677966,59
2024Q2,POW,2024-04-01,2024-06-28,9.38,12.31,31.2366737739872,12554073.852459017,134519874.62885246,61
2024Q3,POW,2024-07-01,2024-09-30,12.03,10.83,-9.97506234413964,9246259.984375,105486841.16890624,64
2024Q4,POW,2024-10-01,2024-12-31,10.91,9.92,-9.074243813015581,5511846.257575758,55825207.72409091,66
2025Q1,POW,2025-01-02,2025-03-31,9.92,10.58,6.653225806451624,6387909.137931035,64964259.97810345,58
2025Q2,POW,2025-04-01,2025-06-30,10.7,10.74,0.37383177570093906,9830513.360655738,102247424.59311476,61
2025Q3,POW,2025-07-01,2025-09-30,10.74,11.86,10.428305400372428,15510346.5625,193014890.36203125,64
2025Q4,POW,2025-10-01,2025-12-31,11.9,12.7,6.72268907563025,7332232.060606061,88779903.11621213,66
2026Q1,POW,2026-01-05,2026-03-31,12.65,13.0,2.7667984189723382,20697968.42105263,294400434.2982456,57
2026Q2,POW,2026-04-01,2026-06-30,13.05,14.7,12.643678160919535,11426038.709677419,157123707.9032258,62
2026Q3,POW,2026-07-01,2026-07-08,14.6,14.7,0.6849315068493178,12175150.0,179842890.0,6
2023Q1,SAB,2023-01-03,2023-03-31,68.48,75.23,9.856892523364479,118545.55932203389,8997710.643559322,59
2023Q2,SAB,2023-04-03,2023-06-30,73.73,63.16,-14.336091143360917,144924.14516129033,9711616.378225807,62
2023Q3,SAB,2023-07-03,2023-09-29,63.2,59.62,-5.664556962025324,301288.5873015873,19597314.346507937,63
2023Q4,SAB,2023-10-02,2023-12-29,60.03,51.81,-13.69315342328835,586190.3538461538,30988326.74446154,65
2024Q1,SAB,2024-01-02,2024-03-29,52.22,47.76,-8.540788969743396,1060188.4915254237,52469842.60949153,59
2024Q2,SAB,2024-04-01,2024-06-28,47.84,50.54,5.643812709030094,1236673.4262295081,62723351.2295082,61
2024Q3,SAB,2024-07-01,2024-09-30,51.29,50.33,-1.8717098849678315,785148.21875,38331928.8684375,64
2024Q4,SAB,2024-10-01,2024-12-31,50.33,50.07,-0.5165905026822903,503431.74242424243,24854301.349696968,66
2025Q1,SAB,2025-01-02,2025-03-31,50.16,44.12,-12.041467304625197,776425.7068965518,36081942.24568965,58
2025Q2,SAB,2025-04-01,2025-06-30,44.52,45.08,1.2578616352201255,1339311.1311475409,58386541.49622951,61
2025Q3,SAB,2025-07-01,2025-09-30,44.65,43.35,-2.911534154535267,1289109.609375,58605130.57703125,64
2025Q4,SAB,2025-10-01,2025-12-31,43.45,47.0,8.170310701956263,1188625.6818181819,56164093.1719697,66
2026Q1,SAB,2026-01-05,2026-03-31,46.13,44.3,-3.9670496423152124,1538101.8070175438,74862518.23754387,57
2026Q2,SAB,2026-04-01,2026-06-30,44.5,48.5,8.98876404494382,710117.7419354839,33596764.758064516,62
2026Q3,SAB,2026-07-01,2026-07-08,48.35,47.2,-2.37849017580144,595216.6666666666,28406960.0,6
2023Q1,SSI,2023-01-03,2023-03-31,12.61,14.35,13.798572561459155,15437018.271186441,205355372.14254236,59
2023Q2,SSI,2023-04-03,2023-06-30,14.68,17.89,21.866485013623983,19822995.822580647,311324304.2046774,62
2023Q3,SSI,2023-07-03,2023-09-29,17.82,22.05,23.737373737373744,25186377.507936507,541460027.1296825,63
2023Q4,SSI,2023-10-02,2023-12-29,22.26,22.75,2.2012578616352085,22677089.06153846,493027219.4586154,65
2024Q1,SSI,2024-01-02,2024-03-29,22.54,26.7,18.456078083407277,24067727.254237287,595348321.490339,59
2024Q2,SSI,2024-04-01,2024-06-28,26.91,23.54,-12.523225566703832,16049404.278688524,399500161.59065574,61
2024Q3,SSI,2024-07-01,2024-09-30,23.51,24.78,5.401956614206727,12467617.5,286195444.8201563,64
2024Q4,SSI,2024-10-01,2024-12-31,24.7,23.14,-6.315789473684208,12568025.575757576,290646825.95348483,66
2025Q1,SSI,2025-01-02,2025-03-31,23.05,23.1,0.2169197396963085,18697332.586206898,430734182.93913794,58
2025Q2,SSI,2025-04-01,2025-06-30,23.14,21.94,-5.185825410544509,24909266.147540983,520256879.57245904,61
2025Q3,SSI,2025-07-01,2025-09-30,21.72,35.12,61.694290976058916,52616165.140625,1666546369.025625,64
2025Q4,SSI,2025-10-01,2025-12-31,35.16,30.25,-13.964732650739464,31794560.545454547,1036956338.4551516,66
2026Q1,SSI,2026-01-05,2026-03-31,29.15,26.95,-7.547169811320753,36693389.473684214,1123367062.5438597,57
2026Q2,SSI,2026-04-01,2026-06-30,27.9,26.75,-4.121863799283155,17971506.451612905,499813940.7258065,62
2026Q3,SSI,2026-07-01,2026-07-08,27.2,27.2,0.0,16689483.333333334,452745118.3333333,6
2023Q1,STB,2023-01-03,2023-03-31,23.5,26.2,11.489361702127665,18135204.40677966,455844556.6618644,59
2023Q2,STB,2023-04-03,2023-06-30,26.75,29.8,11.401869158878508,15746424.387096774,431024640.23306453,62
2023Q3,STB,2023-07-03,2023-09-29,29.7,30.65,3.1986531986532007,23885345.15873016,734398873.4142857,63
2023Q4,STB,2023-10-02,2023-12-29,30.85,27.95,-9.400324149108597,16276967.476923076,467237288.97692305,65
2024Q1,STB,2024-01-02,2024-03-29,27.75,31.6,13.873873873873887,20586076.66101695,628986866.9152542,59
2024Q2,STB,2024-04-01,2024-06-28,31.4,28.8,-8.280254777070063,16228270.049180327,475257024.59672135,61
2024Q3,STB,2024-07-01,2024-09-30,29.3,33.35,13.82252559726962,9663231.890625,291645718.171875,64
2024Q4,STB,2024-10-01,2024-12-31,33.5,36.9,10.149253731343277,11875754.545454545,406496655.6060606,66
2025Q1,STB,2025-01-02,2025-03-31,37.0,38.3,3.5135135135135,8544967.24137931,324345787.4137931,58
2025Q2,STB,2025-04-01,2025-06-30,39.7,46.7,17.63224181360201,15213031.147540983,607792443.3606558,61
2025Q3,STB,2025-07-01,2025-09-30,46.95,56.9,21.19275825346112,11990535.9375,628205436.5625,64
2025Q4,STB,2025-10-01,2025-12-31,59.8,58.0,-3.0100334448160515,8927540.909090908,481739172.8030303,66
2026Q1,STB,2026-01-05,2026-03-31,57.9,62.2,7.426597582038008,13730980.701754386,835477504.0350877,57
2026Q2,STB,2026-04-01,2026-06-30,62.2,73.8,18.64951768488745,5917195.161290322,409894414.516129,62
2026Q3,STB,2026-07-01,2026-07-08,73.2,70.9,-3.1420765027322384,2832416.6666666665,203119880.0,6
2023Q1,TCB,2023-01-03,2023-03-31,12.7,13.12,3.307086614173227,3232674.186440678,41440866.06254237,59
2023Q2,TCB,2023-04-03,2023-06-30,13.56,14.97,10.398230088495586,4265537.645161291,60671991.66629032,62
2023Q3,TCB,2023-07-03,2023-09-29,14.81,15.57,5.131667792032402,5836274.174603174,90672568.3747619,63
2023Q4,TCB,2023-10-02,2023-12-29,15.34,14.71,-4.106910039113421,3239791.292307692,46038163.41923077,65
2024Q1,TCB,2024-01-02,2024-03-29,14.85,22.0,48.14814814814816,8330510.881355932,153385664.60542372,59
2024Q2,TCB,2024-04-01,2024-06-28,21.95,22.28,1.5034168564920458,10855783.37704918,242463169.40491804,61
2024Q3,TCB,2024-07-01,2024-09-30,21.61,23.09,6.848681166126802,13719777.9375,297531118.54890627,64
2024Q4,TCB,2024-10-01,2024-12-31,23.52,23.52,0.0,12211251.454545455,279356816.3009091,66
2025Q1,TCB,2025-01-02,2025-03-31,23.23,26.24,12.957382694791209,12870042.25862069,321066126.8756897,58
2025Q2,TCB,2025-04-01,2025-06-30,26.67,32.63,22.347206599175106,20657533.606557377,570100036.0218033,61
2025Q3,TCB,2025-07-01,2025-09-30,32.82,37.07,12.949421084704449,24723567.875,881228643.9578125,64
2025Q4,TCB,2025-10-01,2025-12-31,37.76,34.18,-9.480932203389825,13582856.545454545,482810046.9786364,66
2026Q1,TCB,2026-01-05,2026-03-31,34.23,30.07,-12.153082091732392,13649556.92982456,453551756.11210525,57
2026Q2,TCB,2026-04-01,2026-06-30,30.17,33.5,11.037454424925407,12082752.548387097,387110238.56403226,62
2026Q3,TCB,2026-07-01,2026-07-08,34.3,33.75,-1.60349854227404,12245466.666666666,414597793.3333333,6
2023Q1,TPB,2023-01-03,2023-03-31,10.21,11.48,12.438785504407445,5719678.423728813,63775880.8638983,59
2023Q2,TPB,2023-04-03,2023-06-30,11.76,12.96,10.204081632653072,4444802.4677419355,56295248.52693549,62
2023Q3,TPB,2023-07-03,2023-09-29,13.07,12.85,-1.6832440703902107,7883700.0,106996368.165873,63
2023Q4,TPB,2023-10-02,2023-12-29,12.6,12.53,-0.5555555555555536,4961243.492307693,60610961.42646154,65
2024Q1,TPB,2024-01-02,2024-03-29,12.45,13.75,10.441767068273089,12749945.525423728,172336783.25338984,59
2024Q2,TPB,2024-04-01,2024-06-28,13.5,12.73,-5.7037037037037,8329206.442622951,109009132.19311474,61
2024Q3,TPB,2024-07-01,2024-09-30,12.84,15.27,18.92523364485981,12188874.078125,165687017.158125,64
2024Q4,TPB,2024-10-01,2024-12-31,15.18,14.78,-2.6350461133069825,13999182.181818182,209902831.29530302,66
2025Q1,TPB,2025-01-02,2025-03-31,14.69,12.7,-13.546630360789658,14150251.051724138,201097069.32655174,58
2025Q2,TPB,2025-04-01,2025-06-30,12.7,12.81,0.8661417322834764,12899849.147540983,157420051.96245903,61
2025Q3,TPB,2025-07-01,2025-09-30,12.91,17.95,39.03950426026335,35160320.984375,621508542.1092187,64
2025Q4,TPB,2025-10-01,2025-12-31,18.38,17.1,-6.964091403699657,11200931.43939394,197891093.4209091,66
2026Q1,TPB,2026-01-05,2026-03-31,16.6,16.3,-1.8072289156626509,14441559.649122806,248928972.71929824,57
2026Q2,TPB,2026-04-01,2026-06-30,16.35,16.6,1.5290519877675823,10089495.161290323,162730690.6451613,62
2026Q3,TPB,2026-07-01,2026-07-08,16.75,16.3,-2.686567164179099,11058516.666666666,182281397.5,6
2023Q1,VCB,2023-01-03,2023-03-31,46.44,51.39,10.658914728682166,979333.0169491526,49743659.07932203,59
2023Q2,VCB,2023-04-03,2023-06-30,52.18,56.23,7.76159448064393,686037.1612903225,36823694.13870968,62
2023Q3,VCB,2023-07-03,2023-09-29,56.23,58.11,3.3434109905744247,1250473.238095238,73995817.41730158,63
2023Q4,VCB,2023-10-02,2023-12-29,57.44,53.33,-7.155292479108633,1096279.6153846155,61883857.749230765,65
2024Q1,VCB,2024-01-02,2024-03-29,55.45,63.02,13.651938683498654,1501291.0169491526,91930641.3259322,59
2024Q2,VCB,2024-04-01,2024-06-28,63.22,56.58,-10.503005378044927,1521988.9344262294,90687156.55213115,61
2024Q3,VCB,2024-07-01,2024-09-30,57.18,61.1,6.855543896467298,1529187.3125,90759150.7603125,64
2024Q4,VCB,2024-10-01,2024-12-31,61.1,60.56,-0.8837970540098161,1425128.8484848484,87382320.68969697,66
2025Q1,VCB,2025-01-02,2025-03-31,61.03,63.54,4.112731443552353,2013359.5344827587,127407320.45844828,58
2025Q2,VCB,2025-04-01,2025-06-30,64.04,56.59,-11.633354153653974,4145227.9672131147,236415173.40295082,61
2025Q3,VCB,2025-07-01,2025-09-30,57.78,61.55,6.524749048113532,8680302.53125,547562538.7307812,64
2025Q4,VCB,2025-10-01,2025-12-31,61.95,57.5,-7.183212267958039,3848455.393939394,230365925.81439394,66
2026Q1,VCB,2026-01-05,2026-03-31,57.1,58.1,1.7513134851138368,11828005.263157895,782962507.0175439,57
2026Q2,VCB,2026-04-01,2026-06-30,59.0,62.2,5.423728813559325,6980620.9677419355,429530709.83870965,62
2026Q3,VCB,2026-07-01,2026-07-08,63.0,61.6,-2.2222222222222254,3058433.3333333335,189383771.66666666,6
2023Q1,VCI,2023-01-03,2023-03-31,13.43,17.35,29.188384214445296,5834065.423728813,89579118.67152542,59
2023Q2,VCI,2023-04-03,2023-06-30,17.64,20.08,13.832199546485246,5092465.758064516,93873339.01548387,62
2023Q3,VCI,2023-07-03,2023-09-29,20.38,22.63,11.040235525024533,5118655.587301588,122309649.37174603,63
2023Q4,VCI,2023-10-02,2023-12-29,22.93,23.45,2.2677714784125502,6440510.63076923,141171634.08384615,65
2024Q1,VCI,2024-01-02,2024-03-29,23.21,29.52,27.186557518311073,6882391.949152542,177353354.899661,59
2024Q2,VCI,2024-04-01,2024-06-28,29.41,25.29,-14.008840530431833,5702210.68852459,152826671.0062295,61
2024Q3,VCI,2024-07-01,2024-09-30,25.87,26.41,2.0873598763045953,4621410.0,116671276.453125,64
2024Q4,VCI,2024-10-01,2024-12-31,26.27,23.89,-9.059763989341452,5964358.575757576,149479312.46439394,66
2025Q1,VCI,2025-01-02,2025-03-31,24.18,27.76,14.805624483043855,7624773.724137931,201505450.14344826,58
2025Q2,VCI,2025-04-01,2025-06-30,28.27,25.91,-8.348072161301733,8302871.081967213,218936123.2022951,61
2025Q3,VCI,2025-07-01,2025-09-30,25.66,31.49,22.720187061574435,14126683.078125,444091781.6675,64
2025Q4,VCI,2025-10-01,2025-12-31,31.06,25.59,-17.61107533805537,9435810.43939394,253780371.18772727,66
2026Q1,VCI,2026-01-05,2026-03-31,24.61,26.7,8.492482730597327,12843836.175438596,343738280.3642105,57
2026Q2,VCI,2026-04-01,2026-06-30,27.35,24.35,-10.968921389396712,7332937.419354838,189957661.53064516,62
2026Q3,VCI,2026-07-01,2026-07-08,24.9,25.4,2.008032128514059,8751483.333333334,218997885.83333334,6
2023Q1,VHM,2023-01-03,2023-03-31,47.57,49.59,4.24637376497794,2341769.8983050846,102829644.22915255,59
2023Q2,VHM,2023-04-03,2023-06-30,50.65,52.96,4.560710760118458,1578728.2580645161,80783078.54483871,62
2023Q3,VHM,2023-07-03,2023-09-29,53.83,43.82,-18.595578673602077,5130014.936507937,271777439.1995238,63
2023Q4,VHM,2023-10-02,2023-12-29,44.06,41.6,-5.583295506128005,6442463.861538461,255973670.39246154,65
2024Q1,VHM,2024-01-02,2024-03-29,41.41,41.26,-0.3622313450857284,7436003.237288136,308349914.00915253,59
2024Q2,VHM,2024-04-01,2024-06-28,41.31,36.26,-12.224642943597196,8916562.983606558,350445762.902459,61
2024Q3,VHM,2024-07-01,2024-09-30,36.31,41.22,13.522445607270717,9831846.78125,380648478.0967187,64
2024Q4,VHM,2024-10-01,2024-12-31,41.84,38.52,-7.934990439770551,11803895.696969697,483072417.53909093,66
2025Q1,VHM,2025-01-02,2025-03-31,38.52,49.4,28.24506749740394,7426089.293103448,317771142.70931035,58
2025Q2,VHM,2025-04-01,2025-06-30,51.04,73.86,44.710031347962385,8869323.655737706,530187743.6865574,61
2025Q3,VHM,2025-07-01,2025-09-30,73.48,99.19,34.98911268372345,5032390.03125,460059129.9003125,64
2025Q4,VHM,2025-10-01,2025-12-31,97.46,119.41,22.522060332444084,6500352.090909091,674015375.1654545,66
2026Q1,VHM,2026-01-05,2026-03-31,127.69,99.19,-22.31968047615318,7472863.052631579,793472464.3631579,57
2026Q2,VHM,2026-04-01,2026-06-30,106.12,151.8,43.0456087448172,5857512.0322580645,825717441.755484,62
2026Q3,VHM,2026-07-01,2026-07-08,148.7,150.0,0.8742434431741941,3864807.5,585277392.9833333,6
2023Q1,VIC,2023-01-03,2023-03-31,28.4,27.5,-3.169014084507038,1669904.4915254237,45287232.45,59
2023Q2,VIC,2023-04-03,2023-06-30,29.0,25.5,-12.06896551724138,1981997.9838709678,52445165.12419354,62
2023Q3,VIC,2023-07-03,2023-09-29,25.55,23.42,-8.336594911937379,11658529.412698412,350945769.39492065,63
2023Q4,VIC,2023-10-02,2023-12-29,23.45,22.3,-4.904051172707879,4743134.153846154,103200863.38646154,65
2024Q1,VIC,2024-01-02,2024-03-29,22.0,23.82,8.272727272727277,3622308.627118644,82166924.60966103,59
2024Q2,VIC,2024-04-01,2024-06-28,23.92,20.6,-13.87959866220736,2641204.344262295,59433410.30344263,61
2024Q3,VIC,2024-07-01,2024-09-30,20.68,21.0,1.547388781431347,2619835.03125,55581862.1125,64
2024Q4,VIC,2024-10-01,2024-12-31,21.15,20.27,-4.160756501182028,1926571.9393939395,39674712.57878788,66
2025Q1,VIC,2025-01-02,2025-03-31,20.27,29.0,43.06857424765664,3518853.775862069,85530318.45465517,58
2025Q2,VIC,2025-04-01,2025-06-30,29.85,47.8,60.134003350083745,7155925.131147541,265872728.1557377,61
2025Q3,VIC,2025-07-01,2025-09-30,47.8,87.45,82.94979079497911,3693354.625,225820092.70234376,64
2025Q4,VIC,2025-10-01,2025-12-31,85.0,169.6,99.52941176470587,4898378.818181818,625518619.4378788,66
2026Q1,VIC,2026-01-05,2026-03-31,173.1,135.0,-22.01039861351819,5224485.96491228,783622489.4736842,57
2026Q2,VIC,2026-04-01,2026-06-30,141.0,220.0,56.02836879432624,3780806.4516129033,762901245.483871,62
2026Q3,VIC,2026-07-01,2026-07-08,217.1,220.7,1.6582220175034523,2394416.6666666665,526679938.3333333,6
2023Q1,VJC,2023-01-03,2023-03-31,85.92,80.84,-5.912476722532589,292746.33898305084,23836498.443898305,59
2023Q2,VJC,2023-04-03,2023-06-30,78.92,72.54,-8.0841358337557,527676.6774193548,39473129.146451615,62
2023Q3,VJC,2023-07-03,2023-09-29,72.61,76.38,5.192122297204227,981562.3333333334,74324362.90730159,63
2023Q4,VJC,2023-10-02,2023-12-29,75.77,83.07,9.634419955127349,939020.3692307692,75395200.73723078,65
2024Q1,VJC,2024-01-02,2024-03-29,82.3,79.23,-3.730255164034013,655062.8644067796,52555060.937288135,59
2024Q2,VJC,2024-04-01,2024-06-28,79.0,78.07,-1.1772151898734262,975516.7704918033,80818848.26032788,61
2024Q3,VJC,2024-07-01,2024-09-30,77.46,80.77,4.273173250710038,747791.46875,59761032.61171875,64
2024Q4,VJC,2024-10-01,2024-12-31,81.0,76.92,-5.03703703703704,759293.2272727273,60499046.29878788,66
2025Q1,VJC,2025-01-02,2025-03-31,76.84,73.07,-4.906298802706932,563532.0172413794,42344820.410862066,58
2025Q2,VJC,2025-04-01,2025-06-30,73.23,67.77,-7.45596067185581,734264.5901639344,49806749.14786885,61
2025Q3,VJC,2025-07-01,2025-09-30,69.61,99.69,43.212182157735946,2142338.8125,210351972.34953126,64
2025Q4,VJC,2025-10-01,2025-12-31,98.46,160.76,63.274426162908796,2342525.5,330748905.1757575,66
2026Q1,VJC,2026-01-05,2026-03-31,159.61,120.0,-24.816740805713934,1423907.3333333333,190229095.08684212,57
2026Q2,VJC,2026-04-01,2026-06-30,128.38,139.5,8.661785324816961,1200722.9032258065,161827554.00129032,62
2026Q3,VJC,2026-07-01,2026-07-08,139.3,138.9,-0.2871500358937573,883400.0,123645128.33333333,6
2023Q1,VNM,2023-01-03,2023-03-31,63.76,60.43,-5.222710163111666,1460437.7627118644,91404960.73271185,59
2023Q2,VNM,2023-04-03,2023-06-30,60.43,57.67,-4.567267913288098,2588881.5,144544053.65451613,62
2023Q3,VNM,2023-07-03,2023-09-29,57.43,62.28,8.445063555632949,3662307.6825396824,227138309.84761903,63
2023Q4,VNM,2023-10-02,2023-12-29,63.45,57.16,-9.913317572892055,2302903.630769231,134788053.5709231,65
2024Q1,VNM,2024-01-02,2024-03-29,57.75,57.9,0.2597402597402487,3762306.5423728814,221476398.66322032,59
2024Q2,VNM,2024-04-01,2024-06-28,57.39,56.1,-2.247778358599062,3850697.8360655736,218823929.3662295,61
2024Q3,VNM,2024-07-01,2024-09-30,56.53,62.13,9.9062444719618,4656346.234375,285033729.9189063,64
2024Q4,VNM,2024-10-01,2024-12-31,62.13,56.63,-8.852406244970224,2354152.803030303,137401164.01303032,66
2025Q1,VNM,2025-01-02,2025-03-31,56.37,54.13,-3.9737448997693714,3132071.620689655,172731938.39448273,58
2025Q2,VNM,2025-04-01,2025-06-30,54.31,53.65,-1.21524581108452,4528091.75409836,232058063.44229507,61
2025Q3,VNM,2025-07-01,2025-09-30,53.18,55.5,4.362542309138773,5834170.46875,330098027.314375,64
2025Q4,VNM,2025-10-01,2025-12-31,57.44,59.26,3.1685236768802305,4497646.409090909,265251492.77287877,66
2026Q1,VNM,2026-01-05,2026-03-31,58.39,58.58,0.32539818462065107,7983014.96491228,516619418.4408772,57
2026Q2,VNM,2026-04-01,2026-06-30,59.36,54.8,-7.681940700808632,3368040.790322581,195953999.69870967,62
2026Q3,VNM,2026-07-01,2026-07-08,55.2,55.7,0.9057971014492683,3123203.1666666665,172713773.81666666,6
2023Q1,VPB,2023-01-03,2023-03-31,16.01,18.22,13.80387257963771,19840051.830508474,326954488.6628814,59
2023Q2,VPB,2023-04-03,2023-06-30,18.35,17.18,-6.376021798365128,11863826.483870968,204472863.825,62
2023Q3,VPB,2023-07-03,2023-09-29,17.18,18.78,9.313154831199078,18610361.507936507,343946898.0928571,63
2023Q4,VPB,2023-10-02,2023-12-29,18.87,17.44,-7.578166401695807,11077221.169230768,198722528.29907694,65
2024Q1,VPB,2024-01-02,2024-03-29,17.12,17.94,4.789719626168232,14433810.966101695,253636324.42338985,59
2024Q2,VPB,2024-04-01,2024-06-28,17.85,17.84,-0.05602240896359634,19967755.262295082,354414431.60032785,61
2024Q3,VPB,2024-07-01,2024-09-30,18.17,19.22,5.778756191524481,20499187.234375,369906004.930625,64
2024Q4,VPB,2024-10-01,2024-12-31,19.03,18.36,-3.520756699947458,18359541.075757574,347168896.69242424,66
2025Q1,VPB,2025-01-02,2025-03-31,18.32,18.17,-0.8187772925764114,15165943.913793104,279203905.62344825,58
2025Q2,VPB,2025-04-01,2025-06-30,18.32,18.18,-0.7641921397379958,26707866.557377048,463995765.4313115,61
2025Q3,VPB,2025-07-01,2025-09-30,18.13,30.56,68.56039713182571,46884342.796875,1288929289.8896875,64
2025Q4,VPB,2025-10-01,2025-12-31,30.36,28.15,-7.279314888010546,22805746.924242426,670981368.2495455,66
2026Q1,VPB,2026-01-05,2026-03-31,27.41,26.23,-4.30499817584823,21658778.98245614,592902702.8529824,57
2026Q2,VPB,2026-04-01,2026-06-30,26.33,27.0,2.5446259020129203,13619551.903225806,365465186.256129,62
2026Q3,VPB,2026-07-01,2026-07-08,27.7,27.75,0.18050541516245744,15017183.333333334,415577287.5,6
2023Q1,VRE,2023-01-03,2023-03-31,27.14,28.54,5.158437730287391,2272131.627118644,62655158.30101696,59
2023Q2,VRE,2023-04-03,2023-06-30,28.59,25.88,-9.478838754809383,3013550.14516129,80335395.63209677,62
2023Q3,VRE,2023-07-03,2023-09-29,26.08,25.21,-3.335889570552142,6345489.53968254,177381441.20650795,63
2023Q4,VRE,2023-10-02,2023-12-29,25.93,22.5,-13.227921326648673,3974455.553846154,91461672.70846154,65
2024Q1,VRE,2024-01-02,2024-03-29,22.31,24.97,11.922904527117883,10239874.423728814,249214606.1162712,59
2024Q2,VRE,2024-04-01,2024-06-28,24.82,19.75,-20.42707493956487,8153906.5245901635,175750278.95573768,61
2024Q3,VRE,2024-07-01,2024-09-30,21.1,18.45,-12.559241706161151,10559177.03125,198707331.90890625,64
2024Q4,VRE,2024-10-01,2024-12-31,18.74,16.56,-11.632870864461042,6224916.939393939,108572684.22090909,66
2025Q1,VRE,2025-01-02,2025-03-31,16.71,18.5,10.712148414123268,8904288.77586207,153946200.76379308,58
2025Q2,VRE,2025-04-01,2025-06-30,19.32,23.81,23.240165631469978,11997320.196721312,266022090.81704918,61
2025Q3,VRE,2025-07-01,2025-09-30,23.95,31.0,29.43632567849688,5956413.140625,169586285.0990625,64
2025Q4,VRE,2025-10-01,2025-12-31,32.02,32.5,1.499063085571506,12405282.06060606,421781729.7512121,66
2026Q1,VRE,2026-01-05,2026-03-31,34.38,24.87,-27.66143106457243,8459582.087719299,247928717.7908772,57
2026Q2,VRE,2026-04-01,2026-06-30,26.61,28.5,7.102593010146574,7286074.112903226,218998597.88790324,62
2026Q3,VRE,2026-07-01,2026-07-08,28.3,27.05,-4.416961130742047,3821217.0,105945750.02499999,6
