quarter,ticker,close_price,return_1m,return_3m,return_6m,ma20,ma50,ma200,rsi14,volatility_63d,price_above_ma50,price_above_ma200,volume_avg_20d,volume_avg_60d,volume_trend
2023Q1,ACB,12.63,-0.15810276679841806,13.172043010752699,13.681368136813688,12.385499999999999,12.516000000000002,11.7875,57.55813953488376,28.169939686471285,1,1,4191159.0,3529325.6666666665,1
2023Q2,ACB,13.33,3.0139103554868596,7.240547063555924,15.211754537597223,13.180000000000001,12.805399999999999,11.937449999999998,65.78947368421055,11.909503361990303,1,1,8218354.55,6957544.566666666,1
2023Q3,ACB,13.21,-0.900225056264059,-0.900225056264059,6.2751407884151345,13.549000000000001,13.616800000000001,12.80075,39.86486486486489,18.655197192567556,0,1,6683804.1,8857010.183333334,0
2023Q4,ACB,14.45,8.89223813112283,10.643185298621738,8.646616541353369,13.819500000000001,13.5712,13.24105,83.58208955223884,19.84498015718231,1,1,6264593.3,6141002.983333333,1
2024Q1,ACB,17.23,1.7720023626698111,22.025495750708224,29.548872180451124,16.670499999999997,16.3798,14.30545,68.04123711340208,22.74460266022263,1,1,11352601.2,11838952.783333333,0
2024Q2,ACB,17.13,-3.6557930258717786,1.1813349084465408,21.83499288762445,17.570500000000003,17.14,15.3912,38.12154696132605,18.254093673306844,0,1,8877987.65,9530203.6,0
2024Q3,ACB,18.54,5.102040816326525,8.231173380035028,8.168028004667427,17.97,17.5796,16.70925,73.27586206896541,17.46350516681471,1,1,8802249.5,8076919.416666667,1
2024Q4,ACB,18.57,2.596685082872918,0.3783783783783745,6.846950517836592,18.205000000000002,18.047,17.573,60.0,14.631799569505946,1,1,5909725.95,6507882.3,0
2025Q1,ACB,18.72,0.0,4.0000000000000036,0.0,18.875999999999998,18.581599999999998,18.03095,37.30158730158727,11.154910445379643,1,1,7919431.2,6715301.683333334,1
2025Q2,ACB,18.35,0.9350935093509483,-1.9764957264957084,2.8011204481792618,18.2425,18.006,18.1742,67.04545454545448,30.84380267922489,1,1,7538278.15,12131887.683333334,0
2025Q3,ACB,21.97,-7.45577085088458,19.727520435967282,17.612419700214122,22.5395,22.008399999999998,19.207449999999998,33.3333333333333,33.30081338721343,0,1,16634172.65,19375161.333333332,0
2025Q4,ACB,20.68,0.19379844961240345,-6.425339366515848,9.824747742963357,20.729999999999997,21.167199999999998,20.23395,50.94339622641507,19.96128465907256,0,1,7732782.0,10180526.483333332,0
2026Q1,ACB,20.29,-1.6957364341085301,-2.685851318944854,-8.190045248868794,20.0905,20.5182,20.992150000000002,54.51807228915662,29.020879892253326,0,0,14553301.35,14982593.416666666,0
2026Q2,ACB,22.65,5.594405594405583,10.703812316715533,8.166189111747846,22.484,21.1378,21.1413,46.97986577181208,25.597131029975724,1,1,24470190.35,18957799.816666666,1
2026Q3,ACB,22.7,-0.569426193604905,13.556778389194601,9.344894026974938,22.508,21.4008,21.137850000000004,55.55555555555557,25.785537704103735,1,1,15212828.6,19028608.866666667,0
2023Q1,BCM,79.18,-1.3210368893319946,6.281879194630879,-8.186456400742104,79.06649999999999,79.9478,76.1933,42.222222222222314,14.204191349207596,0,1,101522.5,99022.78333333334,1
2023Q2,BCM,75.65,1.9267043923470784,-3.765424246279092,-0.7478352138546196,76.7825,75.421,78.10905,34.08551068883615,12.219761742604694,1,0,331013.3,142894.35,1
2023Q3,BCM,66.39,-2.511013215859026,-12.240581625908797,-15.545096043760331,66.591,69.3002,75.40975,45.17218095881164,26.458105078101855,0,0,301130.95,275816.51666666666,1
2023Q4,BCM,60.9,8.074534161490687,-6.923429619440635,-21.09354755117907,60.8245,58.727199999999996,69.193,33.3333333333333,27.613278888514593,1,0,515199.0,344281.35,1
2024Q1,BCM,62.84,2.5289606787404217,4.855664942432836,-0.6167958247667138,64.19449999999999,62.2756,65.02185,38.283828382838294,24.064562094565783,1,0,1255679.45,882777.55,1
2024Q2,BCM,61.77,4.588554012868262,-2.1542848091240296,3.225267379679142,61.522000000000006,57.988600000000005,60.443000000000005,51.65975103734441,39.440125901428985,1,1,957566.9,844576.3666666667,1
2024Q3,BCM,67.97,1.010551344924937,11.243862520458258,7.496441562549427,69.23400000000001,68.7762,62.49360000000001,40.5688622754491,27.98408647531937,0,1,417790.5,812033.8166666667,0
2024Q4,BCM,69.69,6.60853602569984,4.154834852787337,12.821758135016982,66.9275,65.81060000000001,63.99955,78.28655834564255,20.290908209331228,1,1,219255.7,230005.11666666667,0
2025Q1,BCM,73.53,-1.182636742373333,10.157303370786508,5.47984507244299,76.94899999999998,72.80239999999999,68.03875,30.9677419354839,25.947852273622686,1,1,673290.1,458070.3333333333,1
2025Q2,BCM,63.11,5.9425885512842,-17.04784437434279,-5.169045830202856,59.3925,58.31879999999999,65.90554999999999,78.82775119617223,47.161645892613755,1,0,512277.55,596334.2833333333,0
2025Q3,BCM,65.76,-1.6157989228007152,3.722397476340711,-13.79129522810697,66.67249999999999,67.5872,66.2229,46.43288996372437,29.013966658895225,0,0,311752.1,546933.0666666667,0
2025Q4,BCM,60.75,-6.7822617768912075,-6.925080435115671,-5.653051716104985,62.105999999999995,64.1666,64.17694999999999,31.926406926406898,22.55822732924716,0,0,196009.5,233385.75,0
2026Q1,BCM,53.1,-18.307692307692303,-11.73537234042552,-19.849056603773583,54.370000000000005,62.65,64.57115,37.09677419354841,48.26896814703801,0,0,792395.0,1294679.25,0
2026Q2,BCM,52.4,-4.204753199268751,-2.23880597014926,-13.886606409202962,53.220000000000006,53.792,60.89875,47.54098360655735,24.842128669321774,0,0,275400.0,423726.6666666667,0
2026Q3,BCM,50.7,-4.15879017013232,-4.699248120300748,-16.129032258064512,52.56,53.306000000000004,60.426050000000004,19.64285714285724,24.9102420471853,0,0,286845.0,416295.0,0
2023Q1,BID,33.51,-0.4160475482912318,19.083155650319817,,33.544,32.8824,,49.68017057569295,37.923828906934645,1,0,773144.15,1273436.5666666667,0
2023Q2,BID,31.44,-1.2562814070351758,-6.177260519247973,11.134676564156965,31.940500000000004,32.0236,,47.47706422018351,16.007976358685895,0,0,1215918.8,863170.45,1
2023Q3,BID,32.17,-3.160746538229975,2.321882951653942,-3.998806326469695,33.38549999999999,33.7628,32.40145,32.191780821917874,25.86836293053465,0,0,1180870.95,1673306.1333333333,0
2023Q4,BID,35.47,11.716535433070852,17.68414067684141,11.156377311187704,34.0405,32.0864,32.521,70.737913486005,24.40295186276689,1,1,1085052.0,948614.9333333333,1
2024Q1,BID,42.58,-1.7082179132040687,20.589068252619636,32.236024844720475,43.0185,41.453199999999995,34.9885,58.887381275440944,27.73142116969106,1,1,1802994.05,1895082.1666666667,0
2024Q2,BID,35.35,-9.335727109515258,-17.618270799347457,3.4836065573770725,37.931,39.3006,36.94765,19.420783645655902,25.316887798133532,0,0,2056303.3,1753382.0666666667,1
2024Q3,BID,40.62,0.19733596447952806,13.210702341137104,-5.512909979064906,40.0405,39.3844,39.451950000000004,62.76041666666654,22.079245899995172,1,1,2061003.15,2377133.033333333,0
2024Q4,BID,37.14,-2.2631578947368447,-8.205635195254569,-3.9317123642007124,37.995999999999995,38.0518,39.369,39.32584269662916,15.229194880386371,0,0,2702465.8,2205496.0,1
2025Q1,BID,38.32,-5.382716049382719,1.698513800424628,-6.239295326645456,39.678,39.733000000000004,39.00565,18.80952380952381,16.91553018786576,0,0,3088700.9,3321996.216666667,0
2025Q2,BID,35.9,0.8426966292134797,-7.163175588311366,-5.426765015806112,35.2955,35.3236,38.0364,69.8181818181817,31.784341622782218,1,0,3329910.25,3702630.183333333,0
2025Q3,BID,39.56,-5.8767546990245005,9.281767955801111,2.301525730540477,40.702,40.1124,38.1508,44.963503649635044,29.324684285660013,0,1,5779893.3,9188234.95,0
2025Q4,BID,38.9,5.563093622795101,-1.1686991869918728,7.607192254495154,38.042500000000004,37.812,37.77705,63.265306122448976,23.58295963255769,1,1,2294835.0,2717400.95,0
2026Q1,BID,39.4,-12.831858407079654,3.6842105263157787,-2.595797280593337,40.80499999999999,46.666,40.7413,36.144578313252985,49.30046704052232,0,0,8012065.0,10281946.666666666,0
2026Q2,BID,42.4,1.193317422434359,7.477820025348536,10.416666666666675,41.97,41.997,41.7425,56.09756097560975,26.867939694264724,1,1,3783975.0,6682715.0,0
2026Q3,BID,41.8,1.5795868772782384,6.091370558375631,6.091370558375631,42.085,42.172999999999995,41.7816,42.399999999999956,26.858302325920057,0,1,3953210.0,6235371.666666667,0
2023Q1,CTG,17.92,5.041031652989458,12.070043777360851,25.314685314685327,17.7375,17.887,16.44135,48.78048780487808,28.629833475170457,1,1,2028612.45,2765621.45,0
2023Q2,CTG,18.11,5.536130536130535,1.741573033707855,6.717737183264583,17.793,17.4904,16.7439,64.52991452991449,16.354825287931448,1,1,5484679.1,3769315.9166666665,1
2023Q3,CTG,18.44,-3.858185610010423,1.8221976808393325,3.5955056179775235,19.5485,19.2992,18.0853,36.68224299065424,28.109703243809232,0,1,6527477.8,7088621.516666667,0
2023Q4,CTG,18.59,3.0487804878048808,4.087346024636052,2.820796460177011,18.328,18.0384,18.19575,54.85714285714281,19.46314268566516,1,1,3554425.4,2944453.966666667,1
2024Q1,CTG,24.38,0.0,32.140921409214094,28.11350499211769,24.0085,23.4424,19.7933,58.633093525179845,28.17160880649286,1,1,9313807.95,9396235.05,0
2024Q2,CTG,21.26,-2.5217790004584906,-12.689938398357292,16.749038989566166,22.255000000000003,22.3302,20.941499999999998,20.138888888888857,31.2716308284595,0,1,7942768.0,9324456.583333334,0
2024Q3,CTG,25.34,5.847953216374258,15.444191343963553,3.344208809135396,24.4075,23.1452,22.452799999999996,81.86046511627906,21.108525381446107,1,1,8685420.35,8168823.283333333,1
2024Q4,CTG,25.93,5.4493696624644095,4.430124848973027,17.065462753950357,25.211999999999996,24.447799999999997,23.3825,67.2413793103448,21.357192174131022,1,1,5931094.65,5759166.616666666,1
2025Q1,CTG,28.43,-0.10541110330288816,14.498590414820779,13.856627953544255,28.766,27.806800000000003,24.73685,33.74485596707821,20.763869594478617,1,1,6814005.05,6777664.666666667,1
2025Q2,CTG,28.74,9.402360106585462,0.7360672975814886,15.933844292053244,27.4075,26.706000000000003,26.0194,94.83870967741925,34.12813478016718,1,1,7271566.7,8371000.983333333,0
2025Q3,CTG,34.84,-1.5541113308844223,21.224773834377196,22.849083215796906,34.739,33.6318,28.76635,51.84501845018454,29.093012779965537,1,1,9110586.5,10955132.9,0
2025Q4,CTG,35.75,5.426127985844897,2.6119402985074425,22.05530897917378,35.039,34.437400000000004,31.424899999999997,61.884368308351206,30.30727767990653,1,1,8493468.9,8956270.083333334,0
2026Q1,CTG,34.6,-6.105834464043413,-1.1428571428571344,0.28985507246377384,34.4525,36.98,34.4473,47.12643678160919,34.487244474390515,0,1,10655090.0,15666443.05,0
2026Q2,CTG,33.95,-1.7366136034732138,-0.2936857562408024,-3.413940256045511,33.7475,34.635,35.451950000000004,57.894736842105324,18.532990733198513,0,0,6097350.0,7817000.0,0
2026Q3,CTG,34.5,3.293413173652704,2.3738872403560762,-3.2258064516129004,33.927499999999995,34.545,35.42765,61.224489795918295,18.071632294049593,0,0,6628165.0,7752336.666666667,0
2023Q1,FPT,48.52,-1.1208477684939822,3.5424669227486216,,48.42999999999999,49.3618,,51.35699373695201,16.103600477679297,0,0,630040.8,794187.8833333333,0
2023Q2,FPT,52.75,3.0072251513376225,8.718054410552334,10.263377926421402,52.2805,50.632200000000005,,58.33333333333335,12.380068540806615,1,0,904931.4,755249.9,1
2023Q3,FPT,66.99,-0.8583690987124415,26.995260663507104,38.06677658697441,69.73150000000001,64.47319999999999,53.5946,35.25754884547062,21.995035322724053,1,1,2824576.25,2062963.05,1
2023Q4,FPT,69.37,4.567380162797718,4.221754807692313,30.003748125937047,68.836,66.6076,59.41455,54.58768873403024,26.106954516432445,1,1,2126214.15,2368569.933333333,0
2024Q1,FPT,84.1,6.875079425594088,21.35642135642135,23.54928749816365,82.03599999999999,76.638,67.0874,64.72065285624606,21.129671785590126,1,1,3248706.7,2532207.816666667,1
2024Q2,FPT,109.09,11.933100759285864,31.180856180856196,58.90750182083029,107.05250000000001,98.30619999999999,78.35735,59.33866279069768,29.65944205374577,1,1,7632017.1,4976603.416666667,1
2024Q3,FPT,112.43,0.8974243919949831,4.586046511627906,33.00603336093695,111.30600000000001,108.7176,91.90025,68.57707509881428,24.00996358004405,1,1,3720764.1,4538016.4,0
2024Q4,FPT,128.36,7.243712925056411,14.596910990090173,13.072586328400293,125.66100000000002,118.42620000000001,106.54275,58.76826722338204,21.10213912631208,1,1,3692673.2,3953737.6166666667,0
2025Q1,FPT,101.85,-13.752222880853592,-19.54976303317536,-9.273115980758961,110.6865,117.5768,114.6874,24.936845904005807,24.449125082398357,0,0,6678102.55,4876740.066666666,1
2025Q2,FPT,100.34,2.325107077299604,-5.544573096112204,-20.263827082008902,98.92150000000001,97.8026,111.20835000000001,63.11111111111115,38.22724663331834,1,0,4838588.7,6988345.766666667,0
2025Q3,FPT,90.79,-11.007645559694168,-9.975210708973714,-13.011401743796103,98.52700000000002,100.969,107.43775,30.08453505718549,28.39271057362913,0,0,11616614.1,10424149.533333333,1
2025Q4,FPT,94.5,-0.8290481687480367,3.6411493748629065,-9.125877488220013,93.595,95.82719999999999,98.26990000000002,49.26979246733283,31.060032684387494,0,0,5500323.9,8029907.733333333,0
2026Q1,FPT,73.68,-16.632722335369976,-20.53494391716997,-22.98526183756663,76.6185,89.2788,95.9269,38.19051761635495,38.20596570534631,0,0,12547347.15,12570459.983333332,0
2026Q2,FPT,70.2,-3.703703703703709,-3.8224414303329124,-24.050632911392412,72.59,72.8186,86.89659999999999,15.517241379310406,28.45484316073686,0,0,8703247.75,9738396.916666666,0
2026Q3,FPT,72.1,-2.170963364993228,-1.219345115769288,-24.256749658577583,71.97,72.65499999999999,86.07119999999999,53.33333333333332,29.53777344061167,0,0,7497350.0,9812885.583333334,0
2023Q1,GAS,70.27,-2.848057514171165,-0.5800792303339186,-1.9123394751535572,71.8475,72.5808,74.51755,19.208211143695024,18.08907160558849,0,0,189177.2,217691.4,0
2023Q2,GAS,64.07,1.0886715052066842,-9.17210093563937,-8.366704805491999,65.41299999999998,64.69,71.30335,45.95300261096604,16.372307304024446,0,0,669731.35,460221.06666666665,1
2023Q3,GAS,77.69,8.946851773944742,21.25799906352428,10.136092996881185,75.411,71.6896,69.71,66.43962848297214,19.779287319718172,1,1,623313.4,614271.4666666667,1
2023Q4,GAS,64.67,-1.3123760109873372,-12.513528138528141,-1.2822469851931029,65.76,66.627,68.2547,29.452054794520635,23.8759090494223,0,0,746171.95,611757.35,1
2024Q1,GAS,68.7,3.619909502262453,4.837479017244006,-9.7833223900197,68.4875,66.661,68.28115,62.26190476190481,17.161399261304407,1,1,1494416.15,1090782.6833333333,1
2024Q2,GAS,65.61,-5.556355261263857,-4.608897935446354,2.5316455696202445,67.442,66.3382,67.8365,17.453798767967257,19.096493458890585,0,0,1305096.05,1250388.25,1
2024Q3,GAS,68.9,-4.012259682362773,3.515625,0.17446932247746627,70.15700000000001,69.50219999999999,67.24810000000001,25.993883792048948,17.3452419322018,0,1,1155798.9,1336692.3666666667,0
2024Q4,GAS,64.1,-1.5965612526865347,-6.066822977725672,-4.299790982382811,64.512,65.13600000000001,67.27114999999999,37.33333333333309,8.186770602988723,0,0,508344.7,555076.95,0
2025Q1,GAS,62.88,-1.7653491641930974,-2.0560747663551426,-9.732988802756237,63.904999999999994,63.7522,66.27125,44.852941176470665,10.147390111680881,0,0,1008133.95,739660.5333333333,1
2025Q2,GAS,63.82,4.3151356652500805,0.8852355358836661,-1.1615301223478314,62.94050000000001,59.51839999999999,63.3675,61.28242780225158,43.00211041907061,1,1,1566756.65,1127852.7333333334,1
2025Q3,GAS,60.4,-6.933744221879823,-3.3600000000000074,-3.9440203562341014,62.42999999999999,63.8728,62.288450000000005,39.726027397260275,15.349453888782675,0,0,783116.25,1062600.6833333333,0
2025Q4,GAS,72.4,9.531013615733762,20.46589018302829,15.84000000000001,66.06,63.582,61.868599999999994,73.78640776699032,31.262441218602515,1,1,1402380.0,1027370.0,1
2026Q1,GAS,78.3,-32.14904679376084,19.90811638591119,26.494345718901457,92.83,103.036,74.2169,21.212121212121204,72.23821435772354,0,1,3197360.0,3800670.0,0
2026Q2,GAS,77.4,-8.076009501187642,-4.2079207920792,18.52986217457888,81.44500000000001,81.226,79.3375,33.3333333333333,44.138846283575795,0,0,1120120.0,1759040.0,0
2026Q3,GAS,74.8,-9.223300970873794,-3.2341526520051733,-0.1335113484646322,78.93,80.854,79.722,23.88059701492533,43.67077984771864,0,0,1073965.0,1693565.0,0
2023Q1,GVR,14.87,8.77834674469642,16.081186572989846,-28.337349397590362,14.139500000000002,14.3198,17.12285,56.666666666666664,45.231674068584255,1,0,1960346.8,1983066.8333333333,0
2023Q2,GVR,18.62,3.2150776053215147,31.96314670446494,35.22149600580975,17.921,16.601799999999997,15.3026,62.875536480686684,36.51984059252269,1,1,3678753.55,3294453.4833333334,1
2023Q3,GVR,18.71,-5.600403632694251,0.48335123523093326,32.60099220411057,20.7835,20.5352,16.8518,37.810383747178335,41.639034910039875,0,1,4165676.55,3224814.85,1
2023Q4,GVR,20.71,5.987717502558865,13.603949533735605,6.314168377823415,19.725,19.1046,18.46305,64.35986159169555,41.41983175384128,1,1,1925226.3,2242378.0833333335,0
2024Q1,GVR,32.38,15.891195418754478,64.11556006082108,69.9737532808399,31.119999999999997,26.8446,21.518100000000004,64.8602878916173,41.605948031239365,1,1,5175660.9,4167576.35,1
2024Q2,GVR,33.41,-5.0042649985783445,2.390438247011928,71.86213991769543,33.8555,32.2376,25.2311,41.73027989821881,46.07720099893283,1,1,4441421.55,4814597.05,0
2024Q3,GVR,34.92,0.28719126938541173,4.207699194270376,8.178438661710041,34.361000000000004,33.3148,29.830350000000003,72.67605633802809,42.45241038953885,1,1,2452879.6,3234909.2666666666,0
2024Q4,GVR,29.92,-3.514995162850698,-13.849697667722417,-12.489031880666845,30.696000000000005,31.111,32.6159,30.18181818181816,24.14849774047065,0,0,1955986.05,2433332.4166666665,0
2025Q1,GVR,31.94,-3.006377163680529,5.517013544763794,-10.179977502812154,33.298,31.1182,32.2917,43.22845417236663,27.38377122777957,1,0,4165111.5,2969980.033333333,1
2025Q2,GVR,29.87,5.547703180212005,-13.319791062100983,-1.9369665134602698,28.6875,27.0796,30.298299999999998,62.86407766990292,54.30316095423267,1,0,3373314.8,4121518.1166666667,0
2025Q3,GVR,27.31,-5.1406738450850975,-11.071312276131561,-20.402215097639175,28.4055,29.501600000000003,29.21745,44.13518886679922,33.57474287668094,0,0,2386985.15,4716838.0,0
2025Q4,GVR,26.2,-5.585585585585584,-0.455927051671734,-9.311180339217728,26.4,27.196600000000004,28.15785,46.15384615384617,32.47228079187941,0,0,1741635.0,2480141.5166666666,0
2026Q1,GVR,31.7,-25.934579439252335,20.76190476190476,11.659034871433605,33.705,36.986999999999995,30.58555,37.77089783281734,71.01543683218698,0,1,5448175.0,7026406.666666667,0
2026Q2,GVR,32.8,-6.4194008559201094,-0.9063444108761476,23.308270676691723,34.2575,34.764,32.0063,41.481481481481424,40.68900899058342,0,1,2273175.0,3281906.6666666665,0
2026Q3,GVR,31.5,-5.688622754491012,0.0,18.421052631578938,33.605000000000004,34.659,32.10865,22.448979591836732,40.574021656357125,0,0,2078740.0,3162680.0,0
2023Q1,HCM,12.65,8.490566037735858,31.90823774765381,,12.0175,11.9192,,59.73684210526316,50.18167122805347,1,0,5469457.35,5079381.883333334,1
2023Q2,HCM,14.22,4.635761589403975,16.08163265306124,38.19241982507291,13.848000000000003,13.2314,,66.66666666666669,29.19804569951391,1,0,6854484.9,5867728.15,1
2023Q3,HCM,15.44,-0.1293661060802198,8.57946554149085,26.040816326530614,16.797500000000003,15.873200000000002,13.342649999999999,36.98630136986303,41.22763495150632,0,1,8234030.65,6605153.7,1
2023Q4,HCM,17.28,16.91474966170501,17.95221843003414,14.741035856573713,16.157,15.081,14.534600000000001,67.18266253869967,48.21700199076923,1,1,8289437.8,6228328.25,1
2024Q1,HCM,21.46,5.558288243974441,29.511164755582374,34.798994974874375,20.709,19.86,16.5322,61.0714285714286,28.86971497935856,1,1,9598905.85,8811172.733333332,1
2024Q2,HCM,19.06,-9.496676163342832,-9.625414888572791,15.375302663438251,20.605999999999998,20.553599999999996,18.213,24.30379746835449,38.0232215460556,0,1,8087124.35,7803738.466666667,1
2024Q3,HCM,23.51,5.096110862762626,21.49870801033591,7.5480329368710075,22.619999999999997,21.016000000000005,20.016199999999998,68.69158878504675,33.57494970392575,1,1,11446232.7,8711013.566666666,1
2024Q4,HCM,22.33,4.786485218207415,-3.1236442516269114,11.649999999999983,22.239,21.758200000000002,21.17235,50.0,26.516576221662962,1,1,7574911.6,7510967.05,1
2025Q1,HCM,23.65,-1.7449106771915357,7.744874715261951,0.2968617472434376,24.554,23.393199999999997,21.8585,32.22506393861893,20.157501455243125,1,1,10313647.1,8772646.016666668,1
2025Q2,HCM,21.04,4.728720756595317,-11.03594080338266,-5.4806828391734115,20.329500000000003,20.087400000000002,21.879099999999998,68.34532374100715,40.137351339720304,1,0,10642106.45,11822789.966666667,0
2025Q3,HCM,26.26,-5.301117922827259,25.64593301435407,9.96649916247907,26.823,26.7448,23.125549999999997,39.80343980343981,38.72641808477475,0,1,11181161.8,17348926.233333334,0
2025Q4,HCM,22.03,0.45599635202919764,-14.012490241998432,-4.673301601038505,22.517500000000002,22.5176,23.33355,42.622950819672134,32.110472294681344,0,0,8359684.9,9051304.183333334,0
2026Q1,HCM,22.7,-2.7837259100642497,0.35366931918654476,-13.721018624097303,21.875,23.0108,23.925300000000004,50.331125827814574,44.27793048388678,0,0,12683740.0,14470572.666666666,0
2026Q2,HCM,27.2,0.18416206261511192,21.973094170403584,18.725447402880825,27.455000000000002,27.645,24.6573,43.99999999999999,30.620956214735234,0,1,3632170.0,9433373.333333334,0
2026Q3,HCM,28.2,2.732240437158473,16.288659793814418,26.344086021505376,27.755000000000003,27.8,24.70115,48.00000000000001,31.9722655848588,1,1,4100255.0,8246171.666666667,0
2023Q1,HDB,9.8,6.986899563318794,18.50060459492142,0.512820512820511,9.277,9.213799999999999,9.18485,57.62081784386616,31.199438757030418,1,1,2657609.2,2267824.8666666667,1
2023Q2,HDB,9.98,0.0,4.831932773109249,15.242494226327953,10.026,9.8982,9.12765,54.716981132075446,18.697372816994417,1,1,2339283.15,2133696.4,1
2023Q3,HDB,10.71,7.100000000000017,7.314629258517047,12.500000000000021,10.75,10.5698,9.72115,55.97014925373135,19.817533052069447,1,1,7848049.3,4604583.5,1
2023Q4,HDB,12.53,12.78127812781278,18.767772511848335,25.80321285140561,11.6785,11.382399999999997,10.471950000000001,74.48979591836734,23.529077963930728,1,1,7445512.3,7956440.233333333,0
2024Q1,HDB,14.87,3.4075104311543702,25.80372250423011,38.45437616387337,14.401500000000002,13.99,11.6569,61.68582375478926,22.96728600917203,1,1,6535622.8,6742834.233333333,0
2024Q2,HDB,14.2,-0.42075736325386526,-4.697986577181212,22.731201382886756,14.498999999999999,14.553199999999999,12.970450000000001,37.77777777777778,25.775501169218014,0,1,6953151.6,7369657.216666667,0
2024Q3,HDB,18.12,4.25776754890681,27.068723702664798,21.042084168336682,17.339499999999997,16.936400000000003,14.762149999999998,83.51648351648365,24.708946619206028,1,1,6785801.75,7340113.466666667,0
2024Q4,HDB,19.66,20.4656862745098,10.635903207653353,29.768976897689758,18.2525,17.243199999999998,16.1229,67.54807692307692,26.15889719833045,1,1,9572579.9,8367357.3,1
2025Q1,HDB,17.04,-4.108047270680926,-5.543237250554323,-6.270627062706269,17.7645,17.5836,17.0003,15.706806282722397,29.47789092215696,0,1,10132502.3,10676492.983333332,0
2025Q2,HDB,16.81,0.478182904961133,-3.7779049799656517,-6.818181818181824,16.795,16.699599999999997,17.174850000000003,58.778625954198546,35.02641668050185,1,0,9234595.3,10670674.616666667,0
2025Q3,HDB,23.9,-4.628890662410212,40.25821596244133,39.27738927738926,23.9585,23.1266,18.7932,45.64007421150276,41.028092014185304,1,1,14298833.65,21203696.316666666,0
2025Q4,HDB,29.7,20.340356564019444,27.522541863460702,70.7878090856814,25.9925,24.8836,21.07695,80.6338028169014,42.026047763112786,1,1,21228537.3,19282252.9,1
2026Q1,HDB,25.45,-5.565862708719848,-7.454545454545459,6.485355648535562,25.307499999999997,26.974,24.08225,45.94594594594593,36.75861332654223,0,1,14716270.0,17891649.083333332,0
2026Q2,HDB,25.85,0.3883495145631022,2.5793650793650924,-4.2592592592592515,25.360000000000003,26.111,25.78495,65.7142857142857,22.46127377299315,0,1,8410230.0,11200088.333333334,0
2026Q3,HDB,27.55,9.760956175298796,9.760956175298796,-1.4311270125223596,25.9075,26.166,25.87285,86.36363636363639,23.18380335453054,1,1,10620880.0,11238273.333333334,0
2023Q1,HPG,14.07,1.005025125628145,21.712802768166096,-4.545454545454541,14.022,14.1206,13.740049999999998,46.64429530201344,41.66940958336631,0,1,21005819.7,23318850.616666667,0
2023Q2,HPG,17.69,22.252937111264682,25.728500355366023,42.54633360193394,16.203,15.2084,13.609100000000002,76.5281173594132,23.42785373851648,1,1,26663063.85,19798840.6,1
2023Q3,HPG,17.79,-2.573932092004394,0.5652911249293346,26.439232409381663,18.7275,18.6256,15.64615,35.80246913580244,28.85255558836059,0,1,31567195.85,27430122.216666665,1
2023Q4,HPG,18.9,5.23385300668151,12.701252236135963,6.478873239436611,18.546,17.8564,16.9345,56.24999999999994,31.12219075606723,1,1,27289570.6,23508350.7,1
2024Q1,HPG,20.46,-2.4320457796852546,10.23706896551726,14.174107142857139,20.551,19.802599999999998,18.4635,54.28571428571432,19.60358148613294,1,1,28097979.75,26102020.45,1
2024Q2,HPG,21.05,0.1427212178877424,1.7399710004833313,14.40217391304348,21.678,20.9206,19.2592,33.76623376623378,23.48267224589345,1,1,22775649.55,22896531.15,0
2024Q3,HPG,19.6,2.5104602510460206,-7.064959696538642,-5.130687318489824,18.9585,19.391,19.947400000000002,71.49758454106282,19.145801016879876,1,0,21110940.8,20156623.183333334,1
2024Q4,HPG,19.83,-0.8995502248875686,1.7444843509492047,-7.119437939110085,20.2035,19.9334,20.1784,33.60323886639675,18.713789821633263,0,0,17838569.9,17942076.0,0
2025Q1,HPG,19.9,-4.464714354296683,0.20140986908359082,2.6831785345717174,20.489,20.0906,20.0186,24.999999999999957,21.275910992519872,0,0,24896517.25,20752835.583333332,1
2025Q2,HPG,20.27,5.79331941544885,-0.9286412512219067,2.0644511581067393,19.836000000000002,19.361,19.6603,66.25000000000009,35.959335323984945,1,1,28914509.7,29394310.183333334,0
2025Q3,HPG,25.13,3.885903265812307,24.282888229475773,24.405940594059405,25.918,24.7652,21.101800000000004,43.312101910828,33.63496479973453,1,1,74463310.15,74189193.23333333,1
2025Q4,HPG,23.57,-0.3803888419273038,-4.497568881685576,13.535645472061653,23.7485,23.8358,22.47005,48.10495626822159,27.131119780121786,0,1,29972125.9,34127232.13333333,0
2026Q1,HPG,24.01,-5.621069182389937,0.5443886097152628,-6.612213146635549,23.770999999999997,24.158199999999997,23.8812,44.63007159904536,33.99127983613116,0,1,43334931.65,45591632.71666667,0
2026Q2,HPG,23.3,-3.118503118503113,-2.9571012078300707,-2.9571012078300707,23.642500000000002,24.138199999999998,24.30355,45.714285714285715,20.96504645810283,0,0,16664418.1,25695398.266666666,0
2026Q3,HPG,23.2,-1.4861995753715607,-3.0505641454241506,-1.9442096365173356,23.5025,23.9122,24.20875,37.8378378378378,20.248942256885556,0,0,16893315.0,23571540.6,0
2023Q1,KDH,20.74,10.84981293425975,11.987041036717061,-6.111362607514714,19.830000000000002,20.0192,22.2504,60.196560196560156,40.18238390182696,1,0,972929.05,1427195.6833333333,0
2023Q2,KDH,23.14,4.753282028066996,14.046328240512572,17.34279918864099,23.1,22.4818,20.5992,53.97489539748956,26.502350614074803,1,1,2602207.95,2000615.4833333334,1
2023Q3,KDH,24.53,-8.02399700037495,6.006914433880728,20.896993592902913,25.9035,26.1882,22.551849999999998,37.500000000000014,36.23297763408847,0,1,1514486.7,1948670.2166666666,0
2023Q4,KDH,25.95,0.6203955021326202,9.401349072512645,13.616462346760061,25.5875,25.499199999999995,24.20125,50.0,33.96369916982619,1,1,1644454.2,1514884.35,1
2024Q1,KDH,31.24,9.078212290502785,24.760383386581463,28.348397699260474,30.597,27.8452,25.891150000000003,62.01716738197425,25.62354209723735,1,1,4627521.25,3069614.066666667,1
2024Q2,KDH,30.5,2.3833501174890914,-3.906742281033393,22.785829307568427,30.915499999999998,30.017200000000003,27.385749999999998,46.496815286624226,27.214037650444993,1,1,3357430.75,3289352.433333333,1
2024Q3,KDH,32.15,3.8772213247172838,5.1340745585349845,2.650063856960405,31.4335,30.566800000000004,29.115949999999998,71.56862745098039,20.57105576884547,1,1,3320338.55,2849654.8666666667,1
2024Q4,KDH,32.82,9.912926992632286,6.179230022646398,4.655612244897966,31.82,30.797800000000002,30.5414,86.86868686868681,14.081317155888945,1,1,2746930.8,2379432.683333333,1
2025Q1,KDH,29.64,-2.6600985221674867,-9.302325581395344,-8.856088560885611,29.790499999999998,30.5214,30.718899999999998,47.15025906735753,15.214845455765733,0,0,3028349.5,2153959.1666666665,1
2025Q2,KDH,26.73,0.0,-9.389830508474573,-17.980975759435413,26.9885,26.207199999999997,29.353250000000003,46.529562982005146,41.90618906390037,1,0,2603294.5,3018943.6,0
2025Q3,KDH,33.8,-5.84958217270195,26.26073963391855,14.227779655288941,34.5625,33.013,29.753600000000002,42.6229508196721,38.76892964944951,1,1,5436435.0,6518586.383333334,0
2025Q4,KDH,31.5,-6.110283159463481,-0.7874015748031482,16.666666666666675,32.3125,33.534,30.474550000000004,43.82716049382716,42.468588505571034,0,1,3735405.0,6402763.333333333,0
2026Q1,KDH,26.0,-4.23572744014733,-21.212121212121215,-22.848664688427313,25.7075,27.01,30.76055,51.8796992481203,41.37161725574541,0,0,4622475.0,5547348.333333333,0
2026Q2,KDH,21.6,-4.635761589403964,-17.082533589251437,-34.841628959276015,22.7425,23.476000000000003,28.80875,19.402985074626784,22.6034352838419,0,0,3698190.0,4274241.666666667,0
2026Q3,KDH,21.0,-11.392405063291132,-16.000000000000004,-33.333333333333336,22.1475,22.928,28.40925,22.22222222222217,23.229231479776917,0,0,3602540.0,4172966.6666666665,0
2023Q1,MBB,9.89,4.878048780487809,8.681318681318695,,9.566,9.814400000000001,,65.64885496183204,27.178615131030654,1,0,7846446.2,8265984.4,0
2023Q2,MBB,11.22,10.216110019646374,13.447927199191101,16.753381893860574,11.0465,10.4372,,58.33333333333337,18.816679893503807,1,0,12118488.0,8915927.266666668,1
2023Q3,MBB,11.81,1.3733905579399242,5.258467023172897,19.413549039433775,12.060500000000001,11.977,10.6284,45.99999999999999,19.438027995002546,0,1,13206703.8,11367281.966666667,1
2023Q4,MBB,11.91,4.74934036939314,3.295750216825688,5.398230088495559,11.636,11.4954,11.18585,73.52941176470591,18.997886053527026,1,1,7343157.9,7468512.166666667,0
2024Q1,MBB,16.22,5.188067444876787,38.04255319148935,37.34123624047416,15.488500000000002,14.955400000000003,12.53625,72.9411764705882,25.630597519884002,1,1,24686448.8,22766498.8,1
2024Q2,MBB,14.49,1.6129032258064502,-10.334158415841587,25.021570319240727,14.874500000000001,14.6928,13.486399999999998,42.162162162162176,25.552742752943686,0,1,15347312.05,18491788.116666667,0
2024Q3,MBB,16.77,4.226227470478561,14.470989761092135,3.0098280098280084,16.034,15.831599999999998,14.790549999999998,92.61744966442956,24.6235715937745,1,1,14299311.45,17071845.066666666,0
2024Q4,MBB,16.38,3.9340101522842508,-1.562500000000011,10.080645161290303,15.8875,15.865,15.547149999999998,64.77272727272728,16.295836219317028,1,1,7898621.05,8974265.683333334,0
2025Q1,MBB,18.09,4.808806488991868,15.96153846153847,7.871198568872995,18.1315,17.388199999999998,16.2088,34.146341463414615,16.643975501067445,1,1,22267783.0,14436306.216666667,1
2025Q2,MBB,19.37,5.962800875273522,7.971014492753614,23.61199744735163,18.7985,18.343400000000003,17.0256,78.67298578199046,31.737306015642417,1,1,20365433.3,27683766.85,0
2025Q3,MBB,26.2,-3.676470588235292,34.221311475409834,46.04236343366777,26.847499999999997,25.2212,19.56605,40.50632911392405,37.484331609166375,1,1,28040255.0,34576480.766666666,0
2025Q4,MBB,25.3,7.430997876857748,-4.708097928436916,29.610655737704917,24.8725,24.131999999999998,22.206750000000003,55.69620253164556,29.86307342294922,1,1,23180160.0,26825651.666666668,0
2026Q1,MBB,26.45,-4.3399638336347195,5.378486055776888,-0.37664783427495685,26.1575,26.982,24.7943,46.6019417475728,33.105062844400486,0,1,21413835.0,29685470.0,0
2026Q2,MBB,25.2,0.3984063745019917,-2.1359223300970953,-0.1980198019801982,24.9325,25.364,25.775750000000002,63.888888888888914,17.0294427910577,0,0,11165470.0,14033293.333333334,0
2026Q3,MBB,26.0,5.476673427991896,1.5625,4.0000000000000036,25.1775,25.287000000000003,25.738000000000003,63.63636363636363,16.943940575366604,1,1,12551890.0,13594580.0,0
2023Q1,MSN,77.8,-1.51898734177216,-14.972677595628415,-23.8001958863859,80.35499999999999,87.53399999999999,96.6559,27.210884353741534,36.43219588621209,0,0,1347764.85,850510.35,1
2023Q2,MSN,75.2,4.735376044568262,-5.05050505050505,-20.842105263157894,76.27,74.35600000000001,86.223,34.6153846153846,24.304931671853616,1,0,1441710.65,1070019.65,1
2023Q3,MSN,76.3,-4.625000000000002,1.46276595744681,-3.6616161616161658,78.6,81.248,82.47699999999999,42.85714285714287,33.293169111119646,0,0,2015048.85,2052340.5833333333,0
2023Q4,MSN,67.0,10.743801652892571,-9.459459459459463,-11.375661375661373,64.61,63.45399999999999,73.9085,47.96747967479675,39.069288248438774,1,0,2507614.3,2013324.7666666666,1
2024Q1,MSN,74.2,5.397727272727271,11.74698795180722,-2.368421052631575,77.07,70.898,72.402,40.00000000000002,29.51897719577162,1,1,6822817.5,4060291.6166666667,1
2024Q2,MSN,74.7,-3.2383419689119175,-0.9283819628647216,17.268445839874413,76.35499999999999,73.39200000000001,70.1545,39.285714285714334,29.672703311204558,1,1,5666182.3,5572380.233333333,1
2024Q3,MSN,75.7,-1.8158236057068677,-0.39473684210525883,-0.39473684210525883,75.01,74.772,72.241,53.73134328358211,22.547552861123386,1,1,3674405.0,4642998.116666666,0
2024Q4,MSN,70.0,-3.5812672176308458,-7.8947368421052655,-8.854166666666663,71.37,72.722,74.1695,20.000000000000057,18.635216134037847,0,0,3034105.0,4999288.333333333,0
2025Q1,MSN,66.8,-1.3293943870014813,-4.843304843304852,-12.220762155059129,68.92,67.94200000000001,72.637,39.8058252427184,21.301303660488873,0,0,5301895.0,3988503.3333333335,1
2025Q2,MSN,76.8,23.870967741935488,10.662824207492783,9.246088193456625,67.67,64.192,69.0085,94.11764705882355,42.596251149937224,1,1,6770455.0,6127373.333333333,1
2025Q3,MSN,81.0,-2.5270758122743597,7.71276595744681,18.248175182481763,83.155,80.78,70.47399999999999,50.0,32.62860133380739,1,1,9378255.0,10622956.666666666,0
2025Q4,MSN,77.0,-2.035623409669207,-3.749999999999998,3.217158176943702,76.035,77.556,73.8265,54.945054945054984,32.31846113823537,0,1,4540250.0,7645796.666666667,0
2026Q1,MSN,75.5,-3.6989795918367374,-0.7884362680683266,-8.150851581508523,73.19,77.19,78.0255,58.389261744966404,33.766346026561614,0,0,7127760.0,7355103.333333333,0
2026Q2,MSN,72.1,-3.4805890227577074,-3.609625668449201,-5.131578947368432,72.14,75.26,77.7045,51.92307692307682,21.40499137354606,0,0,2586620.0,4573196.666666667,0
2026Q3,MSN,69.0,-4.6961325966850875,-8.122503328894803,-10.273081924577376,71.515,74.30199999999999,77.286,24.590163934426243,21.82721498654913,0,0,3286465.0,4580806.666666667,0
2023Q1,MWG,37.34,-4.354508196721296,-9.522655682093529,,37.703500000000005,40.5498,,43.941605839416084,31.793600207274213,0,0,1871958.4,2048796.2833333334,0
2023Q2,MWG,41.95,10.191752035723667,12.195774271195514,-5.454135677259398,41.125,38.943400000000004,,52.080344332855134,26.43711056406805,1,0,3899091.2,2849201.1166666667,1
2023Q3,MWG,51.44,-0.5798221878623999,22.622169249106072,37.576892217170354,53.16949999999999,51.986999999999995,43.5282,42.95454545454546,35.90473672471397,0,1,7821373.55,7110228.983333333,1
2023Q4,MWG,41.86,11.18193891102257,-12.646076794657768,-0.09546539379474694,40.837,39.6844,43.28505,52.06258890469416,44.745633491314145,1,0,8172472.5,9260566.8,0
2024Q1,MWG,49.98,10.624169986719778,19.827379525293676,-1.7302398741643743,47.233000000000004,45.6516,45.3582,68.66883116883116,30.488477836035415,1,1,13095155.25,10286083.883333333,1
2024Q2,MWG,61.51,0.14653207424291104,24.037104254890096,47.47063054423399,61.4625,58.303000000000004,48.03485,49.449339207048446,29.711613773040824,1,1,7495796.4,10293857.183333334,0
2024Q3,MWG,67.13,-1.871071480777664,3.483890858640337,34.58299919807537,66.92999999999999,65.53359999999999,54.8088,51.861360718870294,23.603477972582905,1,1,6649490.2,7958328.033333333,0
2024Q4,MWG,60.13,0.9909304669130092,-8.00183598531211,-6.310377064506079,59.857000000000006,60.84160000000001,60.7622,58.5664335664336,22.535673939781447,0,0,5375163.15,6896436.883333334,0
2025Q1,MWG,58.16,1.2006264137810918,-3.756412377957974,-13.619486113173917,60.04549999999999,58.107,61.775349999999996,23.63150867823761,22.189149598897068,1,0,6619244.05,5643226.95,1
2025Q2,MWG,64.57,5.472067951649784,8.448102116224376,8.085035152326725,62.4855,61.412,60.482699999999994,75.51813471502572,39.82461398070394,1,1,7193975.6,8848218.266666668,0
2025Q3,MWG,77.7,0.5174644243208348,22.20824158540422,31.806615776081415,77.58,73.31219999999999,63.18735000000001,57.14285714285715,32.05923766492535,1,1,8156765.0,9384383.866666667,0
2025Q4,MWG,88.4,10.499999999999998,14.805194805194821,35.25091799265607,84.36,82.448,71.0511,65.02463054187194,33.5514212351183,1,1,6642445.0,6881540.0,0
2026Q1,MWG,81.8,-9.111111111111114,-6.514285714285717,3.544303797468351,81.42,86.134,78.84394999999999,41.577060931899645,40.41660037916729,0,1,9288805.0,8283546.666666667,1
2026Q2,MWG,78.1,-1.2642225031605614,-3.3415841584158446,-8.11764705882354,77.93,80.548,82.55799999999999,49.62406015037591,30.58804546205382,0,0,4002255.0,5332128.333333333,0
2026Q3,MWG,78.8,1.8087855297157507,1.025641025641022,-10.960451977401132,78.23,79.722,82.56700000000001,50.37037037037035,30.44973368779596,0,0,4130275.0,5141350.0,0
2023Q1,PLX,34.27,-3.109980209216834,23.986975397973964,11.8472584856397,33.7365,34.3588,32.355199999999996,46.46074646074648,34.63585050621942,0,1,1283004.9,935922.8,1
2023Q2,PLX,34.18,-0.26262036766852015,1.214095350903155,20.862800565770854,34.7035,34.4458,31.769000000000002,41.37931034482762,15.809976666862019,0,1,704325.8,684422.9666666667,1
2023Q3,PLX,34.92,0.28719126938541173,2.1650087770626048,3.4053893988747364,35.9625,36.1546,34.424499999999995,38.09523809523813,26.538283555797687,0,1,1150518.7,1453373.5333333334,0
2023Q4,PLX,32.13,-1.7130620985010614,-4.146778042959431,-11.90019193857964,32.350500000000004,31.8296,34.2138,35.42234332425073,30.124345653190517,1,0,609963.95,806459.4,0
2024Q1,PLX,34.73,4.044337926902308,7.6231794236132355,2.0270270270270174,34.5935,33.4348,33.981700000000004,59.37031484257869,19.440794551329976,1,1,1586132.1,1029075.7833333333,1
2024Q2,PLX,39.57,-1.0997250687328153,11.811246114721662,24.984207201516107,40.239999999999995,37.767199999999995,34.3319,45.6335616438356,29.781071351557674,1,1,1968695.2,1767103.9666666666,1
2024Q3,PLX,43.06,-9.916317991631784,9.06788247213781,23.1341149556763,44.3025,45.546400000000006,38.1784,32.70676691729322,33.58342209888114,0,1,1282794.35,1975085.2,0
2024Q4,PLX,36.28,-5.6682267290691595,-15.549348230912475,-14.595103578154411,37.907,38.3508,40.3319,21.375921375921237,17.07675508285683,0,0,697868.6,816451.9,0
2025Q1,PLX,38.27,-9.183673469387754,2.8763440860215095,-13.259292837715309,40.540499999999994,40.181,41.33935,10.629067245119344,18.280215559992108,0,0,1476548.65,1315490.0166666666,1
2025Q2,PLX,37.25,11.59376872378668,-5.981827359919222,-1.2983571807101302,37.1945,34.9658,38.412200000000006,56.91699604743084,47.449721367967115,1,0,2193145.35,1703295.9166666667,1
2025Q3,PLX,34.2,-5.394190871369286,-7.317073170731692,-11.191898208257578,35.4625,36.486,37.0835,31.818181818181827,19.551717310308103,0,0,1654035.0,2426941.6666666665,0
2025Q4,PLX,35.3,1.2912482065996933,5.530642750373671,-5.234899328859067,34.995,34.574,35.4745,57.75862068965515,21.889872494007864,1,0,1887330.0,1712708.3333333333,1
2026Q1,PLX,40.4,-34.627831715210355,13.483146067415719,15.2639087018545,48.9425,53.703,40.4335,23.665480427046262,70.60313700176548,0,0,7705950.0,8858510.0,0
2026Q2,PLX,36.95,-7.044025157232692,-10.748792270531393,4.674220963172826,39.0475,39.503,41.133,22.321428571428527,46.34592241569763,0,0,2504800.0,3807506.6666666665,0
2026Q3,PLX,35.25,-12.962962962962965,-8.678756476683947,-1.3986013986013957,37.6075,39.097,41.1445,21.374045801526705,46.552818095161186,0,0,2040940.0,3679121.6666666665,0
2023Q1,PNJ,48.24,-3.2490974729241784,-3.4234234234234218,,49.102,50.91,,34.59244532803184,29.272091885992698,0,0,260869.5,355226.65,0
2023Q2,PNJ,46.96,7.583046964490259,-2.6533996683250405,-6.510053752737399,46.0175,46.0686,,64.45672191528546,15.699650804611407,1,0,861602.0,582464.3166666667,1
2023Q3,PNJ,49.33,-2.0063567739372345,5.046848381601365,2.2595356550580314,50.934000000000005,50.4636,49.401450000000004,26.299212598425186,23.20660873801246,0,0,637396.9,909685.35,0
2023Q4,PNJ,54.41,6.8329079128215175,12.139323990107155,17.440103604575864,51.575,49.845,48.6739,78.84322678843239,20.301452876559427,1,1,1089767.6,690922.15,1
2024Q1,PNJ,62.95,10.052447552447541,17.75158997381221,27.120355411954765,62.114,58.918600000000005,52.0154,51.6577540106952,22.72262012247422,1,1,1915565.5,1438771.5333333334,1
2024Q2,PNJ,60.78,2.790461694571289,-2.062520141798263,14.506405425772417,61.00750000000001,60.9328,55.79174999999999,54.905335628227206,24.568193744359956,0,1,1061953.85,1391961.15,0
2024Q3,PNJ,62.88,-2.7678985619297936,5.097777034932305,1.1257639112254747,63.4055,63.1408,60.0565,47.68683274021361,24.43661340518935,0,1,974236.8,1287265.85,0
2024Q4,PNJ,63.21,4.152249134948094,0.7170172084129955,4.6523178807946985,62.676,61.2312,61.775949999999995,63.60153256704994,14.122078263976615,1,1,679048.2,698315.0666666667,0
2025Q1,PNJ,54.11,-11.382246970193254,-13.782664117272148,-14.382911392405074,58.03150000000001,60.401199999999996,61.559349999999995,21.075837742504376,18.184781668067387,0,0,822783.75,553037.8833333333,1
2025Q2,PNJ,53.98,0.7277477141257593,-2.12148685403446,-13.811272553089582,51.3985,50.412600000000005,57.735,73.42945417095778,50.64825661774045,1,0,820998.35,1365797.3,0
2025Q3,PNJ,54.87,-1.3306959180003686,1.2735326688815052,3.0035667354983975,56.46600000000001,56.059000000000005,55.953950000000006,40.87237479806137,25.901101267144888,0,0,554578.75,684199.75,0
2025Q4,PNJ,64.05,5.902777777777768,16.879562043795616,19.22933730454206,61.0775,60.3368,55.180699999999995,88.07692307692315,31.224677660800193,1,1,534419.15,665043.65,0
2026Q1,PNJ,72.0,-13.253012048192769,16.75044592184205,28.57142857142858,75.4265,76.6536,62.372150000000005,31.885488647581425,47.277628412194986,0,1,1548030.35,2008542.9333333333,0
2026Q2,PNJ,63.0,-4.255319148936165,-12.5,1.6129032258064502,65.03999999999999,66.9382,66.42514999999999,46.42857142857143,33.09058926531768,0,0,930745.0,1024235.1833333333,0
2026Q3,PNJ,52.0,-19.753086419753085,-22.003899805009752,-18.648310387984978,62.63499999999999,64.97,66.43135000000001,9.595959595959584,39.27712898061572,0,0,2244205.0,1446225.75,1
2023Q1,POW,10.91,3.9047619047618998,28.202115158636907,2.730696798493426,10.8205,10.37,10.195,50.909090909090935,31.986606329171224,1,1,8533352.7,8402954.633333333,1
2023Q2,POW,11.08,-1.773049645390068,1.5582034830430747,22.43093922651933,11.316999999999998,11.130600000000001,10.12645,32.17391304347824,18.949991253312966,0,1,7172226.7,7089431.45,1
2023Q3,POW,9.59,-7.877041306436117,-13.447653429602891,-12.09899175068745,10.3355,10.7534,10.5923,25.92592592592588,25.618095702477166,0,0,6912173.15,9557530.566666666,0
2023Q4,POW,9.3,0.0,0.4319654427645814,-16.064981949458478,9.388000000000002,9.3762,10.437549999999998,33.33333333333333,21.653528796867185,0,0,4078367.35,4795820.233333333,0
2024Q1,POW,9.42,-2.180685358255463,0.8565310492505418,-2.9866117404737436,9.5405,9.53,9.98625,39.75903614457832,16.518969494672614,0,0,6973679.95,5953244.766666667,1
2024Q2,POW,12.31,16.351606805293017,30.12684989429175,31.79871520342614,11.8575,10.320799999999998,9.71175,64.67236467236468,35.592749194799964,1,1,19638323.95,12673160.783333333,1
2024Q3,POW,10.83,-3.9893617021276584,-9.97506234413964,14.482029598308666,10.639999999999999,10.933,10.23965,52.60115606936415,36.263520524516196,0,1,5317370.0,9050944.383333333,0
2024Q4,POW,9.92,-3.219512195121954,-6.238185255198491,-18.62182116488925,10.161999999999999,9.9422,10.43605,38.129496402877656,23.85307573444144,0,0,5581114.55,5560325.016666667,1
2025Q1,POW,10.58,4.545454545454564,6.224899598393563,-1.9462465245597693,10.286,10.029399999999999,10.5413,65.34653465346534,23.268672541000427,1,1,9683636.9,6260257.95,1
2025Q2,POW,10.74,-0.8310249307479256,1.1299435028248705,6.547619047619047,10.8485,10.636800000000001,10.19775,47.826086956521785,38.47867653033796,1,1,7351825.65,9885166.433333334,0
2025Q3,POW,11.86,-12.794117647058822,10.428305400372428,12.098298676748588,12.682500000000001,12.6634,10.888049999999998,35.23809523809523,32.18609270764426,0,1,12642002.2,15767933.1,0
2025Q4,POW,12.7,3.168155970755482,9.388458225667517,14.20863309352518,12.4195,12.1898,11.592399999999998,59.6774193548387,31.426080372695953,1,1,7735284.05,7504232.7,1
2026Q1,POW,13.0,-16.129032258064512,1.5625,3.5031847133757843,13.434999999999999,13.849,12.5738,39.62264150943397,46.47979342190568,0,1,20656600.0,20099038.333333332,1
2026Q2,POW,14.7,6.521739130434767,12.643678160919535,15.748031496062985,14.0275,13.787,13.087200000000001,67.7966101694915,28.23013373781163,1,1,9724930.0,11439070.0,0
2026Q3,POW,14.7,7.692307692307687,17.599999999999994,14.843749999999979,14.385000000000002,13.998,13.149849999999999,59.25925925925925,27.789406343570793,1,1,11800635.0,11678475.0,1
2023Q1,SAB,75.23,-1.8141477421038887,7.318116975748934,2.9278971131481812,76.28099999999999,76.6002,72.49275,43.342776203966,26.10291448819238,0,1,162140.75,119358.98333333334,1
2023Q2,SAB,63.16,-1.9863438857852245,-16.188959660297243,-10.929347059653082,64.5965,65.9002,71.93310000000001,24.36849925705789,16.818459156683137,0,0,141773.8,145434.86666666667,0
2023Q3,SAB,59.62,-8.291032148900179,-5.604813172894241,-20.8864118895966,65.2795,64.9,69.0421,21.075672295184447,21.838952609971013,0,0,483651.1,312061.9166666667,1
2023Q4,SAB,51.81,-3.0864197530864224,-10.37882719252724,-17.970234325522473,52.0825,52.266400000000004,62.17100000000001,34.48795180722897,35.78484610139468,0,0,597888.6,607199.5333333333,0
2024Q1,SAB,47.76,-3.064745281104131,-6.334575406942545,-21.62783065310141,49.024,49.1296,56.45275000000001,28.31683168316829,18.867538976703546,0,0,1423138.8,1068670.8666666667,1
2024Q2,SAB,50.54,1.181181181181179,4.356803634111084,-0.882525985487359,53.340999999999994,50.1012,51.981750000000005,9.398496240601489,28.95581661634837,1,0,1669900.5,1247255.45,1
2024Q3,SAB,50.33,0.6801360272054247,-1.8717098849678315,4.4624325446243285,49.454,48.70439999999999,49.51815,72.7463312368973,21.633270727601563,1,1,717224.65,806891.3166666667,0
2024Q4,SAB,50.07,2.308949734368615,1.2333198544278279,-2.549630206305964,50.031,49.103,49.16605,48.5436893203884,12.549594115566235,1,1,638746.15,501858.4,1
2025Q1,SAB,44.12,-5.036590615583303,-11.423408954025305,-12.806324110671941,45.7395,46.768600000000006,48.6733,15.151515151515056,12.152316673633502,0,0,1277718.65,764638.2,1
2025Q2,SAB,45.08,2.50113688040019,0.827555356743459,-8.37398373983741,44.733000000000004,44.395,47.0271,62.16867469879516,32.748978647085096,1,0,1140912.15,1345678.7833333334,0
2025Q3,SAB,43.35,-2.911534154535267,-2.911534154535267,-2.5404676258992676,44.48049999999999,45.1242,45.787650000000006,39.323467230444024,15.039359903810231,0,0,891842.45,1301835.6833333333,0
2025Q4,SAB,47.0,-6.486271388778353,7.576104371709769,5.617977528089879,48.2165,46.224000000000004,44.952099999999994,33.010752688172076,29.867750165497824,1,1,1883326.0,1248068.3666666667,1
2026Q1,SAB,44.3,-6.144067796610186,-6.69755686604886,0.7505117125312655,44.3375,47.613,45.9649,46.98795180722891,38.250111944512746,0,0,909590.0,1507006.3833333333,0
2026Q2,SAB,48.5,2.754237288135597,9.85277463193659,1.9550136640740012,48.1175,47.569,46.50395,59.04761904761902,24.79702084964666,1,1,600835.0,719275.0,0
2026Q3,SAB,47.2,0.10604453870626251,7.150964812712846,-0.7778011351692204,48.2,47.77,46.5882,39.13043478260875,25.1013639242567,0,1,635720.0,718255.0,0
2023Q1,SSI,14.35,15.353697749196149,26.098418277680135,,13.426499999999999,13.2332,,65.65656565656569,45.09261830716427,1,0,18661859.7,15286793.75,1
2023Q2,SSI,17.89,14.313099041533551,27.96852646638055,46.51924651924651,17.394,15.919,,66.33333333333331,29.595728415047653,1,0,20438915.35,19436210.183333334,1
2023Q3,SSI,22.05,-1.6941596076682996,23.25321408608161,57.72532188841202,23.526000000000003,21.7354,16.4384,43.71002132196162,42.34334146535962,1,1,30789506.2,25555580.3,1
2023Q4,SSI,22.75,4.79041916167664,8.643744030563516,23.775843307943422,22.5955,21.730400000000003,19.32485,51.851851851851855,46.14458254464141,1,1,18618532.5,22203316.883333333,0
2024Q1,SSI,26.7,4.053000779423233,18.29862649534779,16.644823066841408,25.988999999999997,24.823600000000003,22.190299999999997,63.87337057728119,20.87246226221387,1,1,27380085.95,23879825.316666666,1
2024Q2,SSI,23.54,-2.6065370293752665,-11.835205992509367,5.418719211822665,24.5785,24.5652,23.69625,34.1935483870968,28.273836471503262,0,0,13281517.65,15798552.783333333,0
2024Q3,SSI,24.78,4.955527318932673,5.401956614206727,-8.729281767955788,23.256999999999998,22.737599999999997,23.9742,89.41979522184315,29.438975411705893,1,1,14357490.4,12850827.933333334,1
2024Q4,SSI,23.14,6.537753222836096,-5.4352268083367345,-3.0176026823134916,23.142500000000002,22.8002,23.747049999999998,48.35164835164834,22.66547306611526,1,0,15406863.5,12664491.666666666,1
2025Q1,SSI,23.1,-1.1130136986301276,0.2169197396963085,-5.4441260744985565,23.6695,22.84,23.058449999999997,36.637931034482854,18.928318314170554,1,1,26874043.9,18403085.466666665,1
2025Q2,SSI,21.94,5.3288526164186445,-6.078767123287665,-5.917667238421953,21.2685,20.906999999999996,22.36145,70.0,37.75777223761547,1,0,23803852.7,25017524.916666668,0
2025Q3,SSI,35.12,-5.869740016081493,61.694290976058916,50.02135839384878,36.183,33.531200000000005,25.0922,31.47353361945636,42.16483729784438,1,1,41836520.2,53860462.766666666,0
2025Q4,SSI,30.25,2.821210061182855,-11.807580174927102,31.464580617122984,29.947999999999997,30.757,28.186999999999998,57.058823529411754,42.14197909559427,0,1,23682763.1,31455026.083333332,0
2026Q1,SSI,26.95,-15.384615384615385,-12.5,-24.148606811145513,28.475,30.333,30.792799999999996,31.460674157303373,38.56420975507744,0,0,45466455.0,35471688.333333336,1
2026Q2,SSI,26.75,-2.5500910746812377,0.7532956685499137,-14.944356120826708,26.8625,27.462999999999997,30.51525,52.702702702702695,25.73424039315537,0,0,13106670.0,17479480.0,0
2026Q3,SSI,27.2,2.6415094339622636,-1.090909090909098,-11.111111111111116,26.959999999999997,27.326,30.213250000000002,45.58823529411764,24.643484367559232,0,0,14432610.0,16131890.0,0
2023Q1,STB,26.2,2.34375,19.634703196347036,29.064039408866993,25.2125,25.217000000000002,22.29975,60.169491525423716,41.04177071176752,1,1,20752972.8,18009937.166666668,1
2023Q2,STB,29.8,6.428571428571428,14.615384615384608,26.80851063829788,28.877499999999998,27.507999999999996,23.460750000000004,66.00000000000003,22.830278180703615,1,1,16198399.65,15554235.583333334,1
2023Q3,STB,30.65,-3.464566929133861,2.8523489932885893,17.884615384615387,32.235,31.098000000000003,27.345,43.62416107382547,32.332611307790216,0,1,22352282.05,24432325.55,0
2023Q4,STB,27.95,1.6363636363636358,-4.28082191780822,-6.365159128978226,27.497500000000002,28.28,28.744,51.13636363636362,34.02099682399115,0,0,15180548.7,16164880.783333333,0
2024Q1,STB,31.6,0.15847860538826808,14.909090909090917,-0.6289308176100628,31.034999999999997,30.769000000000002,29.941999999999997,63.207547169811335,20.26968645954772,1,1,21268157.35,20509947.833333332,1
2024Q2,STB,28.8,3.411131059245953,-6.796116504854366,8.270676691729317,30.327499999999997,28.912,29.60675,23.86363636363633,29.924410741978804,0,0,15909256.45,16096493.1,0
2024Q3,STB,33.35,12.859560067681898,13.82252559726962,4.218750000000004,30.7,29.785,29.575499999999998,89.52380952380952,23.574193133692845,1,1,11975570.0,9948801.483333332,1
2024Q4,STB,36.9,11.480362537764343,9.333333333333327,23.4113712374582,34.6975,34.109,31.045,77.77777777777773,28.82222911505421,1,1,8591010.0,11567835.0,0
2025Q1,STB,38.3,0.13071895424836555,10.374639769452433,16.946564885496173,38.93,38.141999999999996,33.58875,21.428571428571303,20.049693508774595,1,1,9153530.0,8593806.666666666,1
2025Q2,STB,46.7,14.742014742014732,22.091503267973867,37.961595273264415,44.7675,41.986999999999995,37.095499999999994,79.2307692307693,39.55425528311738,1,1,9873565.0,15266175.0,0
2025Q3,STB,56.9,3.8321167883211604,21.19275825346112,48.75816993464053,55.81,53.803000000000004,43.28274999999999,67.85714285714285,32.46722249350252,1,1,8265645.0,12123513.333333334,0
2025Q4,STB,58.0,17.40890688259109,1.7543859649122862,23.273113708820414,51.77,51.532,48.6455,72.10300429184548,44.19712200296797,1,1,10390080.0,8744850.0,1
2026Q1,STB,62.2,-7.164179104477608,11.071428571428577,9.314586994727602,63.50999999999999,62.73999999999999,54.97424999999999,38.01169590643276,45.23855499761542,0,1,11888530.0,13980705.0,0
2026Q2,STB,73.8,10.149253731343277,20.58823529411764,40.839694656488554,71.4,70.194,60.758,62.50000000000004,37.55674001058947,1,1,5463890.0,5953068.333333333,0
2026Q3,STB,70.9,-1.5277777777777724,14.910858995137776,18.166666666666686,71.97999999999999,70.946,61.244499999999995,50.0,37.580606915515304,0,1,4500840.0,5515621.666666667,0
2023Q1,TCB,13.12,4.292527821939585,10.344827586206895,,12.486,12.7138,,65.1639344262295,30.44203568120139,1,0,3110748.1,3215171.466666667,0
2023Q2,TCB,14.97,6.776034236804573,16.77067082683308,17.227877838684424,15.070500000000001,14.263399999999999,,45.50561797752808,26.76358007543135,1,0,4327172.85,4078876.283333333,1
2023Q3,TCB,15.57,-0.7015306122448939,4.008016032064132,21.450858034321364,15.873500000000002,15.6768,14.0449,42.379182156133815,25.123771045799103,0,1,5654222.35,5921303.45,0
2023Q4,TCB,14.71,7.76556776556776,-2.194148936170204,-0.6752194463200523,14.206,14.116599999999998,14.53335,61.578947368421076,27.57150310032499,1,1,2860328.4,3266692.1,0
2024Q1,TCB,22.0,12.704918032786882,53.6312849162011,45.88859416445623,19.925,18.27,15.769599999999999,76.91056910569104,30.04533906814909,1,1,10792724.0,8262220.5,1
2024Q2,TCB,22.28,-0.22391401701745695,5.742762221167541,57.12270803949227,23.073,22.456799999999998,17.8756,32.78688524590167,28.204118512832583,0,1,13068815.95,10893966.116666667,1
2024Q3,TCB,23.09,5.193621867881548,6.848681166126802,3.9621791985592125,22.01,21.5922,20.13975,84.19117647058823,23.92849064659424,1,1,14632070.4,14065327.65,1
2024Q4,TCB,23.52,4.209127159946835,1.248385708136035,4.906333630686888,23.0585,22.632800000000003,22.18705,60.909090909090956,15.582973135469267,1,1,9610977.1,10944789.55,0
2025Q1,TCB,26.24,5.3815261044176665,14.58515283842794,14.136581122227065,26.339999999999996,25.0364,23.015699999999995,40.69767441860463,20.442332685394373,1,1,14493888.25,12766969.883333333,1
2025Q2,TCB,32.63,12.32358003442342,23.225075528700923,43.6811977102598,30.803999999999995,28.578000000000003,24.84585,90.24390243902444,37.254606767032925,1,1,18527790.0,20850855.283333335,0
2025Q3,TCB,37.07,-1.8793012175754353,12.949421084704449,41.00418410041841,36.959999999999994,36.102199999999996,29.003600000000002,48.52941176470588,32.46966846459164,1,1,18239436.6,25305823.516666666,0
2025Q4,TCB,34.18,2.0298507462686466,-8.998935037273704,2.4887556221889096,33.179500000000004,33.6112,32.5448,59.38697318007664,34.58750248569006,1,1,10176726.6,13334788.55,0
2026Q1,TCB,30.07,-11.402474955804355,-11.766431924882625,-18.99245689655171,29.8265,32.7372,34.345749999999995,46.80851063829787,32.64061447321061,0,0,13606576.6,13355953.266666668,1
2026Q2,TCB,33.5,3.554868624420404,12.152661533311004,-2.814041195242234,31.805,32.385,33.59345,75.24752475247529,26.5480016178205,1,0,11287205.0,12207625.283333333,0
2026Q3,TCB,33.75,9.223300970873783,20.064034151547496,0.32699167657550543,32.589999999999996,32.5666,33.49575,73.83177570093463,25.875557968393448,1,1,12584445.0,11655941.483333332,1
2023Q1,TPB,11.48,3.5166816952209246,17.262512768130755,-0.08703220191470518,11.315,11.1898,11.296000000000001,54.761904761904766,32.22974825489825,1,1,4073646.65,5678457.9,0
2023Q2,TPB,12.96,-4.142011834319515,13.187772925764207,26.439024390243905,13.2285,12.625599999999999,11.1948,34.06593406593406,21.293534890099636,1,1,4850701.9,4395652.766666667,1
2023Q3,TPB,12.85,-6.06725146198831,-0.8487654320987748,12.227074235807866,13.610999999999999,13.5626,12.20565,35.9430604982206,23.629538446378415,0,1,7720472.1,8133716.933333334,0
2023Q4,TPB,12.53,2.3692810457516256,4.242928452579031,-4.131599081866877,12.3445,12.1842,12.63185,51.960784313725455,24.673211718544994,1,0,4797925.5,4986153.65,0
2024Q1,TPB,13.75,-3.778866340097964,12.06193969030156,7.338017174082734,13.5975,13.5042,13.0106,62.01117318435754,25.25934496490798,1,1,11176020.35,12588248.85,0
2024Q2,TPB,12.73,-0.07849293563578774,-7.887120115774238,4.601479046836476,13.163,12.9656,12.887099999999998,39.2857142857143,28.48830545996039,0,0,9082925.8,8300991.85,1
2024Q3,TPB,15.27,16.298552932216293,18.92523364485981,11.054545454545451,13.596,13.273800000000001,13.15155,91.33858267716539,25.53607000813508,1,1,17450299.35,12780574.95,1
2024Q4,TPB,14.78,3.4289713086074203,-4.890604890604888,13.169984686064318,14.463,14.559800000000001,13.701200000000002,61.151079136690626,21.37441257764386,1,1,9158553.35,12333102.466666667,0
2025Q1,TPB,12.7,-14.362778152393807,-10.87719298245614,-14.073071718538566,13.797,14.360999999999999,14.0753,21.070234113712388,20.859021901992225,0,0,19406981.6,13923101.116666667,1
2025Q2,TPB,12.81,1.5055467511885912,0.8661417322834764,-9.277620396600561,12.6455,12.534599999999998,13.8448,66.37931034482764,32.40015631282885,1,0,8085381.95,12983484.733333332,0
2025Q3,TPB,17.95,-9.389197375063096,39.03950426026335,42.34734337827122,18.5835,17.971600000000002,14.61565,45.572916666666664,48.27799948639323,0,1,21324442.05,36494273.55,0
2025Q4,TPB,17.1,0.0,-3.9865244244806086,30.534351145038173,16.975,17.026,15.527499999999998,55.172413793103466,32.23521974121643,1,1,7839720.0,10661559.516666668,0
2026Q1,TPB,16.3,-8.42696629213483,-6.051873198847268,-11.796536796536794,16.14,16.895,16.8343,48.051948051948074,32.72470384337029,0,0,13307070.0,14034551.666666666,0
2026Q2,TPB,16.6,5.732484076433142,4.0752351097178785,-4.046242774566466,16.15,16.022000000000002,16.90365,67.56756756756761,20.30331549291377,1,0,14094200.0,10138401.666666666,1
2026Q3,TPB,16.3,1.8750000000000044,3.492063492063502,-4.956268221574334,16.294999999999998,16.035999999999998,16.838549999999998,52.77777777777781,20.030996111392064,1,0,14071955.0,10417713.333333334,1
2023Q1,VCB,51.39,-1.9274809160305328,15.847610459873774,,50.9875,51.57299999999999,,49.726277372262764,28.009180760991516,0,0,893355.4,988219.6666666666,0
2023Q2,VCB,56.23,6.496212121212119,7.885648503453568,26.41636690647482,56.622,53.576800000000006,,46.446700507614196,20.738676804054784,1,0,919672.35,692105.0333333333,1
2023Q3,VCB,58.11,-1.0219724067450198,3.3434109905744247,11.492709132770539,58.958000000000006,59.324000000000005,53.6227,45.76923076923074,20.939134825071303,0,1,1489684.8,1277512.1666666667,1
2023Q4,VCB,53.33,-5.191111111111113,-6.9446867911359345,-5.1573892939711925,55.19200000000001,56.55,55.9638,29.146537842190014,17.672233466877255,0,0,1319981.0,1116455.35,1
2024Q1,VCB,63.02,-2.4760136180749015,16.01620029455082,8.0775167209741,63.093999999999994,61.5728,58.7042,53.324968632371395,22.89827499173416,1,1,1624450.6,1503329.25,1
2024Q2,VCB,56.58,-3.8409245411284876,-11.06570260924238,5.323901712583767,57.854499999999994,59.423199999999994,59.1095,25.78125000000003,12.914739124273341,0,0,1908481.5,1526976.9166666667,1
2024Q3,VCB,61.1,0.9917355371900749,6.855543896467298,-3.8552321007080947,60.246500000000005,59.552600000000005,59.64875,65.77287066246056,15.574860967896631,1,1,1288438.4,1482391.35,0
2024Q4,VCB,60.56,-3.196930946291565,-1.512441047324764,3.6276522929500343,61.75699999999999,61.4032,60.34875,21.77419354838726,10.021671769048467,0,1,1446948.55,1444239.1166666667,1
2025Q1,VCB,63.54,2.5500322788896135,3.891432308698506,3.434803841771128,64.753,62.65559999999999,60.7505,46.22448979591835,14.120745663232418,1,1,3067291.35,2014298.7833333334,1
2025Q2,VCB,56.59,1.0716199321307407,-12.978625249884669,-7.878886537522378,56.07299999999999,56.567800000000005,60.241550000000004,63.32518337408317,32.470775454304615,1,0,3347199.8,4185638.65,0
2025Q3,VCB,61.55,-10.145985401459857,6.524749048113532,-4.321467433545778,64.1105,63.2952,60.7513,18.394648829431375,26.43517533284766,0,1,6515593.15,8838186.85,0
2025Q4,VCB,57.5,-0.17361111111111605,-6.807131280388978,-0.8278716798896135,57.425,58.54,59.96205,48.57142857142855,17.233981038073118,0,0,3374385.0,3744206.5166666666,0
2026Q1,VCB,58.1,-7.631160572337037,1.5734265734265618,-7.114308553157467,59.43000000000001,64.77,61.75185,37.63440860215056,41.518789805360434,0,0,8326050.0,11363080.0,0
2026Q2,VCB,62.2,0.0,7.241379310344831,7.61245674740485,61.620000000000005,61.592,61.7701,56.75675675675672,22.24844535850446,1,1,4097220.0,6981321.666666667,0
2026Q3,VCB,61.6,0.1626016260162677,6.20689655172415,7.504363001745218,61.665,61.775999999999996,61.67269999999999,50.0,22.30266683263832,0,0,3785780.0,6591695.0,0
2023Q1,VCI,17.35,19.325997248968374,43.983402489626556,,15.9475,15.2958,,65.82278481012662,54.505765426888395,1,0,7090579.65,5775389.616666666,1
2023Q2,VCI,20.08,5.020920502092041,15.73487031700287,55.17774343122102,19.71,18.629399999999997,,63.978494623655905,32.45958399029305,1,0,5321690.7,5031230.533333333,1
2023Q3,VCI,22.63,-8.93360160965796,12.699203187250996,30.4322766570605,25.285500000000003,24.298399999999997,18.772100000000002,35.35439795046969,44.94825737720693,0,1,5792071.75,5072950.65,1
2023Q4,VCI,23.45,2.9863855950812424,9.887535145267101,7.519486474094461,23.015499999999996,22.087999999999997,21.227400000000003,53.35689045936391,53.58592786452988,1,1,5213320.55,6473658.766666667,0
2024Q1,VCI,29.52,17.985611510791365,30.44631020768891,25.1377702416278,28.02,25.586800000000004,23.43445,68.17204301075267,28.47414892074073,1,1,9174810.9,6831587.766666667,1
2024Q2,VCI,25.29,-3.3626289644631324,-12.702795995857786,11.360634081902244,26.532999999999998,26.382400000000004,24.622650000000004,38.96940418679549,37.06623631308866,0,1,4903804.55,5661057.6,0
2024Q3,VCI,26.41,0.03787878787879784,2.0873598763045953,-10.353021045485411,24.9315,24.9942,25.484099999999998,69.24603174603175,33.60446619233438,1,1,7210920.1,4783173.283333333,1
2024Q4,VCI,23.89,0.16771488469602414,-9.163498098859312,-7.938342967244694,24.578,24.4426,25.73585,30.416666666666643,26.07122015476658,0,0,4467423.4,5638741.183333334,0
2025Q1,VCI,27.76,5.071915215745637,14.474226804123713,6.728181468665895,28.082500000000003,26.3152,25.36265,36.655948553054685,20.170397882746432,1,1,9175633.65,7460416.333333333,1
2025Q2,VCI,25.91,-0.6899195093905686,-6.664265129683001,5.453805453805449,25.976999999999997,26.362399999999997,25.617149999999995,53.14285714285714,37.3526497411756,0,1,6339714.3,8337053.7,0
2025Q3,VCI,31.49,-6.056085918854426,22.720187061574435,14.011585807385952,31.961000000000002,32.164,27.650400000000005,47.569955817378485,43.095280003138534,0,1,8515256.5,14436394.716666667,0
2025Q4,VCI,25.59,3.855519480519476,-15.12437810945273,-3.79699248120301,25.024,25.6194,28.16185,56.006006006006004,37.91452536727364,0,0,8322304.65,9578804.466666667,0
2026Q1,VCI,26.7,-5.687036382903566,7.4014481094127005,-16.19585687382298,26.783500000000004,26.647000000000002,28.0887,45.945945945945944,43.01389185956276,1,0,14804280.6,12557593.933333334,1
2026Q2,VCI,24.35,-1.4170040485829927,-6.883365200764812,-4.5472363778910285,24.19,25.131,26.68895,61.64383561643836,27.778964579190912,0,0,5853525.0,7155978.6,0
2026Q3,VCI,25.4,8.547008547008538,-6.617647058823528,-1.0132501948558081,24.505,24.878999999999998,26.47605,60.71428571428571,27.244964493994907,1,0,6803015.0,6939608.333333333,0
2023Q1,VHM,49.59,25.290550783223864,9.566946531153352,0.5678361387142505,43.979,44.11019999999999,50.5974,71.55172413793105,36.8443978229476,1,0,2506198.55,2322711.7666666666,1
2023Q2,VHM,52.96,3.7617554858934144,10.980720871751881,10.425354462051706,53.431000000000004,51.28280000000001,48.1147,47.26507713884992,26.724453671998035,1,1,1719602.0,1558659.9,1
2023Q3,VHM,43.82,-16.660327120578167,-17.258308157099698,-8.172673931265717,48.4815,53.5104,49.67525,30.199764982373665,38.813778350210185,0,0,7568537.05,5317851.316666666,1
2023Q4,VHM,41.6,4.601458385717883,-1.9330504479019295,-23.54346627458187,39.306,39.2638,48.05765,67.49174917491752,35.77745998722362,1,0,7186373.0,6711071.55,1
2024Q1,VHM,41.26,-1.268245991864081,3.9818548387096753,-4.996546166244531,41.2695,41.2538,45.6359,52.97872340425531,25.16218099598281,1,0,9131717.0,7400868.9,1
2024Q2,VHM,36.26,-3.4611288604898927,-11.409723918885906,-6.329113924050644,36.902,38.1886,40.63515,30.263157894736736,17.051180599060423,0,0,7428406.8,8939819.2,0
2024Q3,VHM,41.22,4.645849200304641,13.522445607270717,-1.151079136690658,41.735,38.6338,39.3861,50.0,27.08439466515164,1,1,11995387.95,10109858.016666668,1
2024Q4,VHM,38.52,-1.834862385321101,-3.844233649525708,4.023764515257899,39.204499999999996,39.83,39.26015,38.011695906432784,30.61904174926331,0,0,3664206.0,11839723.233333332,0
2025Q1,VHM,49.4,24.495967741935477,27.123005661348422,15.52853133769878,45.877,41.2316,39.6048,88.21917808219172,21.46179377939527,1,1,12908708.6,7290423.833333333,1
2025Q2,VHM,73.86,-1.1641910879165107,49.787061447982154,90.06690684508492,70.80449999999999,65.166,47.4028,59.36462778568042,51.257621509121975,1,1,5503132.2,8819519.55,0
2025Q3,VHM,99.19,-1.5288394718554588,34.98911268372345,101.15595213952543,97.961,94.4492,63.50075,53.07203389830508,36.625124715486905,1,1,4482777.35,5123025.783333333,0
2025Q4,VHM,119.41,16.101118133203695,23.99792315680167,63.15070364803934,102.83899999999998,99.2118,83.94484999999999,67.26703210649961,58.91736713790803,1,1,6677837.25,6559759.383333334,1
2026Q1,VHM,99.19,2.490183922297984,-10.356981473113425,3.5170110624086925,94.8115,100.8854,97.14195,66.22390891840607,66.74547559478897,0,1,5708997.15,7447142.183333334,0
2026Q2,VHM,151.8,3.7026916245388897,53.03962092952921,46.765928647394375,143.179,145.5482,114.18805,60.15975063315801,57.38385272510105,1,1,5001800.45,5745832.316666666,0
2026Q3,VHM,150.0,6.685633001422486,35.452411052916744,32.56738842244806,145.575,146.9456,115.71140000000001,62.80430711610487,54.719174290404005,1,1,5091349.25,5703284.116666666,0
2023Q1,VIC,27.5,4.166666666666674,3.969754253308122,-4.347826086956519,26.615,27.0,30.3505,68.08510638297875,21.000104387056766,1,0,1539162.4,1683117.7833333334,0
2023Q2,VIC,25.5,-1.9230769230769273,-5.027932960893855,-7.4410163339382995,26.29,26.146,27.9325,27.777777777777786,24.324426180554944,0,0,1944151.8,1935921.3833333333,1
2023Q3,VIC,23.42,-26.119873817034687,-8.156862745098037,-12.774674115456241,27.063499999999998,29.451400000000003,27.4881,22.560429722470914,49.401146472300596,0,0,15445788.8,12146297.083333334,1
2023Q4,VIC,22.3,6.800766283524906,0.22471910112360494,-13.060428849902529,21.74,21.503599999999995,25.597400000000004,60.0,29.928035269127527,1,0,3024730.35,4533603.6,0
2024Q1,VIC,23.82,5.8666666666666645,9.769585253456237,5.398230088495559,22.9745,22.3706,24.382350000000002,71.02564102564101,25.858707753600978,1,0,4345899.9,3598145.75,1
2024Q2,VIC,20.6,-4.541241890639469,-12.414965986394556,-4.629629629629628,21.2245,21.897799999999997,22.38,19.23076923076931,23.50016746325404,0,0,2168984.15,2610971.1333333333,0
2024Q3,VIC,21.0,-5.405405405405405,1.547388781431347,-11.764705882352944,21.5195,21.1314,21.83785,36.97916666666668,21.915856837859195,0,0,2916803.75,2715205.2666666666,1
2024Q4,VIC,20.27,0.4459861248761188,-1.9825918762088945,-2.0772946859903385,20.3865,20.4574,21.3494,25.64102564102585,14.298583585811242,0,0,2020864.85,1896428.3333333333,1
2025Q1,VIC,29.0,40.77669902912619,42.85714285714286,36.150234741784026,25.541500000000003,22.3558,21.1495,90.22556390977441,26.926033213002537,1,1,7389154.75,3454939.183333333,1
2025Q2,VIC,47.8,-2.8455284552845628,67.42556917688265,136.0493827160494,46.059999999999995,42.272999999999996,27.047400000000003,61.26126126126126,57.37890587962438,1,1,3799730.9,7145723.25,0
2025Q3,VIC,87.45,34.43504996156803,82.94979079497911,201.55172413793105,71.6175,64.163,40.070150000000005,87.41496598639459,48.77252516600787,1,1,2920280.65,3784290.4833333334,0
2025Q4,VIC,169.6,23.345454545454537,92.18130311614729,269.09684439608264,152.575,127.87400000000001,72.83775,69.66666666666666,54.931999705716535,1,1,7259633.7,5088259.683333334,1
2026Q1,VIC,135.0,-19.25837320574162,-20.541494997057097,70.88607594936708,141.10999999999999,147.444,105.17575,37.02830188679245,62.668352077144306,0,1,3996585.0,5366553.333333333,0
2026Q2,VIC,220.0,7.369448511469012,69.88416988416988,38.539042821158674,206.975,211.93400000000003,150.39375,67.80415430267061,49.61230031665487,1,1,3501755.0,3776988.3333333335,0
2026Q3,VIC,220.7,14.233954451345765,53.90516039051603,35.39877300613497,213.475,214.18600000000004,154.93725,64.2458100558659,48.76392402675482,1,1,3336285.0,3736018.3333333335,0
2023Q1,VJC,80.84,3.4420985284708827,-3.497672197684132,-4.54599126225056,79.56949999999999,80.64259999999999,86.67620000000001,59.3784683684795,31.844120655935438,1,0,290348.7,290083.0833333333,1
2023Q2,VJC,72.54,-3.279999999999994,-11.287758346581867,-15.424973767051409,73.605,74.4406,80.07655,33.996023856859,14.697378900013408,0,0,756305.75,535120.8666666667,1
2023Q3,VJC,76.38,1.8399999999999972,5.293631100082696,-6.591659532836003,76.535,76.34639999999999,77.9009,51.21436114044346,20.21976267627992,1,0,1131938.55,985789.6,1
2023Q4,VJC,83.07,5.87560540402754,10.31872509960159,14.769273279911577,81.28150000000001,81.1724,77.2432,69.01041666666671,30.54655682848111,1,1,971142.7,931173.7166666667,1
2024Q1,VJC,79.23,-0.08827238335433751,-4.450072358900137,3.3120354674664343,78.939,79.874,78.3193,50.0,9.882769749222982,0,1,640549.05,678407.35,0
2024Q2,VJC,78.07,-5.139732685297693,-1.464091884387242,-3.6172839506172894,80.8385,83.2274,80.59985,13.619167717528342,27.17060559411047,0,0,973135.9,979786.2166666667,0
2024Q3,VJC,80.77,1.1648296593186336,4.273173250710038,1.7510707986898577,80.52799999999999,80.2462,80.89574999999999,58.1151832460731,15.46338751996775,1,0,772321.4,739673.9666666667,1
2024Q4,VJC,76.92,-2.2493328250095312,-5.212569316081339,-1.1819116135662888,78.09700000000001,78.9296,80.50515,32.97709923664118,12.129801811748251,0,0,718713.7,761542.0333333333,0
2025Q1,VJC,73.07,-1.042795232936089,-5.946711288454121,-9.61157842652154,74.65,74.9172,78.36064999999999,31.494661921708087,9.028846696311524,0,0,609856.85,568699.5,1
2025Q2,VJC,67.77,1.270173341303038,-8.702680856796452,-11.179554390563561,68.1015,67.9932,74.7321,44.84304932735427,35.30567112236925,0,0,763294.5,738920.2833333333,1
2025Q3,VJC,99.69,-10.615977763830365,43.212182157735946,35.00812567713976,107.0615,102.46700000000001,79.74085,17.14126186487998,47.10718945930768,0,1,2025647.9,2228816.7333333334,0
2025Q4,VJC,160.76,-4.086868325278936,61.63281721294993,132.74938468220645,153.836,149.0912,101.15,65.30225506916806,52.434419293216116,1,1,1942308.6,2407106.85,0
2026Q1,VJC,120.0,-7.685206554350343,-24.452279022916144,14.799579068210079,120.11799999999998,128.65959999999998,119.18005,44.61713419257012,43.28979766302928,0,1,1317110.75,1432543.9166666667,0
2026Q2,VJC,139.5,6.059454116931495,15.441906653426019,-11.965164710336996,138.405,135.99580000000003,133.8258,49.27148379423133,35.64511836919964,1,1,1031202.3,1194782.8,0
2026Q3,VJC,138.9,0.8787856779722603,10.448473282442738,-12.083043230584211,139.38,136.47639999999998,134.692,51.479289940828416,32.59012801970628,1,1,961513.55,1169968.75,0
2023Q1,VNM,60.43,-2.7518506598004477,-2.1059452454236127,5.462478184991282,61.283,62.0198,60.6818,31.386861313868664,19.277626858450436,0,0,1377089.1,1456091.4166666667,0
2023Q2,VNM,57.67,7.412926056993863,-5.334865397242283,-6.833602584814214,54.9765,55.574000000000005,60.26635,65.71072319202,18.057778866763016,1,0,5256971.9,2630662.3666666667,1
2023Q3,VNM,62.28,-4.1256157635467865,7.993757586266681,2.2324359816152217,65.724,63.401399999999995,60.5595,20.214190093708254,18.772649103034833,0,1,3009183.1,3601552.933333333,0
2023Q4,VNM,57.16,1.0429556301926768,-7.96973112220255,-0.3312990409764738,57.301,57.827200000000005,59.29625,37.07317073170727,20.825775936104545,0,0,2817659.9,2360856.5166666666,1
2024Q1,VNM,57.9,-4.894875164257561,1.596771363397087,-9.939337377508172,59.053999999999995,58.5726,59.6154,33.333333333333385,15.339142273403079,0,0,4741092.55,3732213.95,1
2024Q2,VNM,56.1,-0.30211480362537513,-3.259182617692702,-1.4232999472851837,56.770500000000006,56.535,58.55474999999999,31.84079601990051,17.499091839437405,0,0,4139292.95,3831602.8333333335,1
2024Q3,VNM,62.13,-1.8483412322274795,9.9062444719618,7.139161924469728,63.0245,61.9124,58.5691,36.64021164021158,22.482180478398153,1,1,3360599.3,4833737.45,0
2024Q4,VNM,56.63,-0.9445513381143966,-9.115711763761835,-0.4220151222085411,56.959,57.485,58.556999999999995,47.21649484536087,13.073624002843259,0,0,1934689.8,2220216.15,0
2025Q1,VNM,54.13,-2.5737940964722816,-5.0184242849622756,-13.613150335142032,55.37949999999999,55.096199999999996,58.03020000000001,30.413625304136318,14.753387085807153,0,0,3339460.7,3079951.3,1
2025Q2,VNM,53.65,5.651831429696719,-1.7039208501282488,-6.873806630793267,51.967499999999994,51.5132,55.56205,70.83333333333333,31.553483529012738,1,0,4124121.8,4551261.066666666,0
2025Q3,VNM,55.5,-1.6306274370790574,4.362542309138773,3.0258028587339947,57.145999999999994,56.7148,54.51575,50.87076076993582,20.999263832238643,0,1,5426991.55,5959739.5,0
2025Q4,VNM,59.26,-5.846838258659037,4.514991181657835,10.849233071455288,60.509,59.1064,55.49320000000001,48.75962360992302,31.305839007058704,1,1,3590497.15,4519876.616666666,0
2026Q1,VNM,58.58,-9.164211505659791,-3.365225998020449,2.9887482419127975,59.652,64.3082,58.918899999999994,38.712686567164184,41.79059971267844,0,0,6170384.35,7674208.066666666,0
2026Q2,VNM,54.8,-4.246024812161453,-6.612133605998638,-10.457516339869288,56.69199999999999,57.696,59.820100000000004,25.494505494505447,13.676479057872928,0,0,2765828.25,3341658.4,0
2026Q3,VNM,55.7,-1.3286093888396855,-5.705095649229719,-6.918449197860966,56.30800000000001,57.172399999999996,59.7347,33.86454183266936,13.309692177509074,0,0,2972748.65,3272375.7,0
2023Q1,VPB,18.22,21.62883845126835,22.364002686366668,13.80387257963771,17.107,16.2124,15.87675,76.9811320754717,34.21159247844672,1,1,22782962.8,19676663.45,1
2023Q2,VPB,17.18,2.3228111971411503,-5.030403537866224,8.18639798488665,17.1125,16.9636,15.946100000000001,55.384615384615365,17.4197832024514,1,1,16274493.55,11760690.666666666,1
2023Q3,VPB,18.78,4.044321329639899,9.313154831199078,3.814262023217263,18.719500000000004,18.6726,17.130049999999997,47.51381215469614,27.450050648303304,1,1,18437948.15,18913541.083333332,0
2023Q4,VPB,17.44,0.5187319884726316,-4.07040704070406,1.5133876600698537,17.157500000000002,17.480600000000003,17.79695,45.87155963302752,26.842247856154895,0,0,10854251.3,11247885.316666666,0
2024Q1,VPB,17.94,-0.7194244604316502,6.785714285714284,-1.320132013201314,17.2945,17.5762,17.87135,69.96336996336996,21.03915480453578,1,1,15978086.35,14476806.816666666,1
2024Q2,VPB,17.84,3.90215492137449,0.22471910112358273,7.924984875983054,17.921,17.438000000000002,17.69415,56.359649122806985,27.407811727269753,1,1,32020343.45,20105711.066666666,1
2024Q3,VPB,19.22,6.070640176600439,5.778756191524481,7.675070028011199,17.997000000000003,17.8102,17.60095,93.45794392523362,17.657917490682863,1,1,25729290.95,20543562.1,1
2024Q4,VPB,18.36,0.0,-4.025091479351806,0.7683863885839859,18.315,18.4866,18.016949999999998,47.747747747747724,15.438586305849661,0,1,11925192.65,16718214.866666667,0
2025Q1,VPB,18.17,-1.5709642470205787,0.2759381898454816,-3.0933333333333257,18.582,18.2722,18.285700000000002,38.795986622073606,16.80347782943233,0,0,21767310.05,14907853.433333334,1
2025Q2,VPB,18.18,3.0612244897959107,-1.2493210211841466,0.5530973451327581,17.997999999999998,17.3532,18.0764,64.83516483516482,33.42241752364007,1,1,24232057.55,27007481.733333334,0
2025Q3,VPB,30.56,-8.50299401197605,68.56039713182571,65.99674090168386,31.0875,29.6702,20.878199999999996,40.75630252100839,52.00768741234818,1,1,37752916.6,48263341.85,0
2025Q4,VPB,28.15,-0.8453680873547142,-2.8640441683919993,52.82301845819759,28.1005,28.153,24.3783,53.32428765264585,42.2431158435071,0,1,15748301.25,22197974.4,0
2026Q1,VPB,26.23,-4.825834542815666,-6.985815602836876,-13.745478461032556,25.416500000000003,26.8242,27.179450000000003,51.8867924528302,38.50894329336822,0,0,18888093.5,21676245.183333334,0
2026Q2,VPB,27.0,0.18552875695732052,5.304212168486733,-5.2299052299052295,26.347499999999997,26.8414,27.795449999999995,70.21276595744675,25.589589239111664,1,0,11472020.0,13711012.416666666,0
2026Q3,VPB,27.75,7.14285714285714,8.440797186400939,-1.5957446808510634,26.8,26.898399999999995,27.6893,71.42857142857142,24.954941891353293,1,1,12950655.0,13703592.133333333,0
2023Q1,VRE,28.54,12.80632411067193,20.37115141290593,10.065561126108747,27.709500000000002,27.488000000000003,26.697999999999997,55.26315789473683,38.27252495530954,1,1,3255828.35,2264148.4166666665,1
2023Q2,VRE,25.88,-0.19282684149634077,-10.387811634349031,3.8523274478330594,26.0135,26.4702,26.612599999999997,51.41065830721002,15.695898825711144,0,0,3600942.6,3030387.033333333,1
2023Q3,VRE,25.21,-10.76106194690265,-2.588871715610508,-12.707756232686974,27.243000000000002,27.970600000000005,27.211599999999997,31.94244604316549,31.908244335069323,0,0,4898633.65,6471985.6,0
2023Q4,VRE,22.5,5.435801312089983,-11.41732283464566,-14.350970688998855,22.288,22.556600000000003,26.02955,43.359375,35.446828178226376,0,0,3563098.55,4086385.566666667,0
2024Q1,VRE,24.97,-2.422821414615084,10.4867256637168,-0.9520031733439183,25.2275,24.0112,25.017799999999998,59.21237693389591,36.98162629459762,1,0,11970220.65,10141804.666666666,1
2024Q2,VRE,19.75,-5.32118887823586,-21.189146049481245,-10.915651781686975,20.5935,21.2962,23.2246,32.6039387308534,32.42094614776018,0,0,9568856.25,8191662.5,1
2024Q3,VRE,18.45,-2.0180562931492285,-12.559241706161151,-25.514735567218416,18.6715,18.31,21.40685,48.543689320388346,31.853287748373894,1,0,8665491.3,10127520.616666667,0
2024Q4,VRE,16.56,-3.944315545243615,-8.051082731815672,-19.298245614035093,16.696499999999997,17.131999999999998,19.477449999999997,37.179487179487126,17.210517329530425,0,0,5697788.25,6063174.116666666,0
2025Q1,VRE,18.5,10.119047619047606,12.32544019429267,-0.21574973031283085,18.0345,16.929,17.8028,64.19753086419755,21.536392154346895,1,1,13418366.45,8779641.3,1
2025Q2,VRE,23.81,-10.353915662650603,25.447839831401463,44.565877352762605,24.44,23.909200000000002,19.016000000000002,23.353293413173603,42.16705847745404,0,1,5396171.4,11922924.7,0
2025Q3,VRE,31.0,4.553119730185506,29.43632567849688,64.63090812533194,29.0645,28.8592,22.35965,60.55312954876273,34.781278319628285,1,1,5102840.7,6056435.383333334,0
2025Q4,VRE,32.5,-3.5894393355087484,2.7505532722099213,33.79991766158914,30.719,31.750799999999998,27.773700000000005,64.49746926970354,59.58665629240656,1,1,10546590.65,12374367.05,0
2026Q1,VRE,24.87,-7.374301675977657,-24.8186215235792,-12.398731947868969,24.9585,27.2516,29.502099999999995,51.34649910233395,54.3296019231686,0,0,5128922.5,8470225.266666668,0
2026Q2,VRE,28.5,-5.409890474610024,15.058538554703272,-10.574207718857863,28.6045,30.2638,30.235950000000003,49.22394678492239,52.42580106562693,0,0,5276526.7,7249432.233333333,0
2026Q3,VRE,27.05,-3.7366548042704673,8.54735152487962,-14.614898989898983,28.2135,30.2144,30.1814,35.446685878962526,50.188226623352726,0,0,5190290.2,7121848.416666667,0
